instrument_name,strike,expiry_date,option_type,best_bid_price,best_ask_price,underlying_price,mark_iv,funding_rate,timestamp
BTC-27MAR26-20000-C,20000.0,2026-03-27 08:00:00+00:00,put,0.7305,0.7315,74374.29,,,2026-03-16 14:07:07.910627+00:00
BTC-27MAR26-30000-C,30000.0,2026-03-27 08:00:00+00:00,put,0.5955,0.597,74374.29,,,2026-03-16 14:07:08.090604+00:00
BTC-27MAR26-40000-C,40000.0,2026-03-27 08:00:00+00:00,put,0.461,0.463,74374.29,,,2026-03-16 14:07:08.324322+00:00
BTC-27MAR26-45000-C,45000.0,2026-03-27 08:00:00+00:00,put,0.3925,0.396,74373.23,,,2026-03-16 14:07:08.552595+00:00
BTC-27MAR26-45000-P,45000.0,2026-03-27 08:00:00+00:00,put,0.0001,0.0002,74373.23,,,2026-03-16 14:07:08.667809+00:00
BTC-27MAR26-50000-C,50000.0,2026-03-27 08:00:00+00:00,put,0.3265,0.329,74373.23,,,2026-03-16 14:07:08.796562+00:00
BTC-27MAR26-50000-P,50000.0,2026-03-27 08:00:00+00:00,put,0.0003,0.0004,74373.23,,,2026-03-16 14:07:08.913392+00:00
BTC-27MAR26-51000-C,51000.0,2026-03-27 08:00:00+00:00,put,0.3125,0.316,74373.23,,,2026-03-16 14:07:09.054306+00:00
BTC-27MAR26-51000-P,51000.0,2026-03-27 08:00:00+00:00,put,0.0003,0.0005,74374.29,,,2026-03-16 14:07:09.170660+00:00
BTC-27MAR26-52000-C,52000.0,2026-03-27 08:00:00+00:00,put,0.299,0.3025,74373.23,,,2026-03-16 14:07:09.281279+00:00
BTC-27MAR26-52000-P,52000.0,2026-03-27 08:00:00+00:00,put,0.0004,0.0006,74373.23,,,2026-03-16 14:07:09.406751+00:00
BTC-27MAR26-53000-C,53000.0,2026-03-27 08:00:00+00:00,put,0.284,0.289,74373.23,,,2026-03-16 14:07:09.535309+00:00
BTC-27MAR26-53000-P,53000.0,2026-03-27 08:00:00+00:00,put,0.0005,0.0007,74371.36,,,2026-03-16 14:07:09.641127+00:00
BTC-27MAR26-54000-C,54000.0,2026-03-27 08:00:00+00:00,put,0.2725,0.276,74371.36,,,2026-03-16 14:07:09.743281+00:00
BTC-27MAR26-54000-P,54000.0,2026-03-27 08:00:00+00:00,put,0.0006,0.0009,74371.36,,,2026-03-16 14:07:09.885389+00:00
BTC-27MAR26-55000-C,55000.0,2026-03-27 08:00:00+00:00,put,0.2595,0.2625,74373.23,,,2026-03-16 14:07:09.999294+00:00
BTC-27MAR26-55000-P,55000.0,2026-03-27 08:00:00+00:00,put,0.0008,0.001,74371.36,,,2026-03-16 14:07:10.113787+00:00
BTC-27MAR26-56000-C,56000.0,2026-03-27 08:00:00+00:00,put,0.246,0.2495,74371.36,,,2026-03-16 14:07:10.220953+00:00
BTC-27MAR26-56000-P,56000.0,2026-03-27 08:00:00+00:00,put,0.0009,0.0012,74371.36,,,2026-03-16 14:07:10.335061+00:00
BTC-27MAR26-57000-C,57000.0,2026-03-27 08:00:00+00:00,put,0.2325,0.236,74371.36,,,2026-03-16 14:07:10.450349+00:00
BTC-27MAR26-57000-P,57000.0,2026-03-27 08:00:00+00:00,put,0.0011,0.0014,74368.96,,,2026-03-16 14:07:10.557547+00:00
BTC-27MAR26-58000-C,58000.0,2026-03-27 08:00:00+00:00,put,0.2195,0.223,74368.96,,,2026-03-16 14:07:10.665937+00:00
BTC-27MAR26-58000-P,58000.0,2026-03-27 08:00:00+00:00,put,0.0013,0.0017,74368.96,,,2026-03-16 14:07:10.770275+00:00
BTC-27MAR26-59000-C,59000.0,2026-03-27 08:00:00+00:00,put,0.205,0.21,74368.96,,,2026-03-16 14:07:10.897646+00:00
BTC-27MAR26-59000-P,59000.0,2026-03-27 08:00:00+00:00,put,0.0016,0.0019,74368.96,,,2026-03-16 14:07:11.003540+00:00
BTC-27MAR26-60000-C,60000.0,2026-03-27 08:00:00+00:00,put,0.1935,0.1965,74368.96,,,2026-03-16 14:07:11.107897+00:00
BTC-27MAR26-60000-P,60000.0,2026-03-27 08:00:00+00:00,put,0.0022,0.0023,74368.96,,,2026-03-16 14:07:11.214769+00:00
BTC-27MAR26-62000-C,62000.0,2026-03-27 08:00:00+00:00,put,0.1675,0.1705,74368.96,,,2026-03-16 14:07:11.318497+00:00
BTC-27MAR26-62000-P,62000.0,2026-03-27 08:00:00+00:00,put,0.0029,0.0033,74371.36,,,2026-03-16 14:07:11.435420+00:00
BTC-27MAR26-64000-C,64000.0,2026-03-27 08:00:00+00:00,put,0.1415,0.1455,74368.62,,,2026-03-16 14:07:11.550309+00:00
BTC-27MAR26-64000-P,64000.0,2026-03-27 08:00:00+00:00,put,0.0043,0.0047,74368.62,,,2026-03-16 14:07:11.657371+00:00
BTC-27MAR26-65000-C,65000.0,2026-03-27 08:00:00+00:00,put,0.1295,0.133,74368.62,,,2026-03-16 14:07:11.777560+00:00
BTC-27MAR26-65000-P,65000.0,2026-03-27 08:00:00+00:00,put,0.005,0.006,74368.96,,,2026-03-16 14:07:11.900870+00:00
BTC-27MAR26-66000-C,66000.0,2026-03-27 08:00:00+00:00,put,0.117,0.1205,74368.62,,,2026-03-16 14:07:12.006549+00:00
BTC-27MAR26-66000-P,66000.0,2026-03-27 08:00:00+00:00,put,0.0065,0.007,74368.62,,,2026-03-16 14:07:12.104204+00:00
BTC-27MAR26-67000-C,67000.0,2026-03-27 08:00:00+00:00,put,0.1055,0.1085,74368.62,,,2026-03-16 14:07:12.213207+00:00
BTC-27MAR26-67000-P,67000.0,2026-03-27 08:00:00+00:00,put,0.008,0.0085,74368.62,,,2026-03-16 14:07:12.314652+00:00
BTC-27MAR26-68000-C,68000.0,2026-03-27 08:00:00+00:00,put,0.0945,0.097,74368.62,,,2026-03-16 14:07:12.414436+00:00
BTC-27MAR26-68000-P,68000.0,2026-03-27 08:00:00+00:00,put,0.0095,0.0105,74368.62,,,2026-03-16 14:07:12.508825+00:00
BTC-27MAR26-69000-C,69000.0,2026-03-27 08:00:00+00:00,put,0.083,0.0855,74362.47,,,2026-03-16 14:07:12.606306+00:00
BTC-27MAR26-69000-P,69000.0,2026-03-27 08:00:00+00:00,put,0.012,0.013,74362.47,,,2026-03-16 14:07:12.705491+00:00
BTC-27MAR26-70000-C,70000.0,2026-03-27 08:00:00+00:00,put,0.073,0.0745,74362.47,,,2026-03-16 14:07:12.835271+00:00
BTC-27MAR26-70000-P,70000.0,2026-03-27 08:00:00+00:00,put,0.0145,0.0155,74362.47,,,2026-03-16 14:07:12.949153+00:00
BTC-27MAR26-71000-C,71000.0,2026-03-27 08:00:00+00:00,put,0.0625,0.065,74362.47,,,2026-03-16 14:07:13.064628+00:00
BTC-27MAR26-71000-P,71000.0,2026-03-27 08:00:00+00:00,put,0.018,0.019,74362.47,,,2026-03-16 14:07:13.178206+00:00
BTC-27MAR26-72000-C,72000.0,2026-03-27 08:00:00+00:00,put,0.0535,0.0555,74368.62,,,2026-03-16 14:07:13.287705+00:00
BTC-27MAR26-72000-P,72000.0,2026-03-27 08:00:00+00:00,put,0.022,0.023,74362.47,,,2026-03-16 14:07:13.390580+00:00
BTC-27MAR26-73000-C,73000.0,2026-03-27 08:00:00+00:00,put,0.045,0.0465,74358.76,,,2026-03-16 14:07:13.495271+00:00
BTC-27MAR26-73000-P,73000.0,2026-03-27 08:00:00+00:00,put,0.027,0.028,74358.76,,,2026-03-16 14:07:13.603917+00:00
BTC-27MAR26-74000-C,74000.0,2026-03-27 08:00:00+00:00,put,0.0375,0.0385,74358.76,,,2026-03-16 14:07:13.726264+00:00
BTC-27MAR26-74000-P,74000.0,2026-03-27 08:00:00+00:00,put,0.033,0.0335,74358.76,,,2026-03-16 14:07:13.853569+00:00
BTC-27MAR26-75000-C,75000.0,2026-03-27 08:00:00+00:00,put,0.031,0.0315,74358.76,,,2026-03-16 14:07:13.961530+00:00
BTC-27MAR26-75000-P,75000.0,2026-03-27 08:00:00+00:00,put,0.0395,0.0405,74362.47,,,2026-03-16 14:07:14.072879+00:00
BTC-27MAR26-76000-C,76000.0,2026-03-27 08:00:00+00:00,put,0.025,0.0255,74358.76,,,2026-03-16 14:07:14.187075+00:00
BTC-27MAR26-76000-P,76000.0,2026-03-27 08:00:00+00:00,put,0.0465,0.048,74358.76,,,2026-03-16 14:07:14.276141+00:00
BTC-27MAR26-77000-C,77000.0,2026-03-27 08:00:00+00:00,put,0.0195,0.0205,74358.76,,,2026-03-16 14:07:14.402453+00:00
BTC-27MAR26-77000-P,77000.0,2026-03-27 08:00:00+00:00,put,0.055,0.0565,74358.83,,,2026-03-16 14:07:14.504110+00:00
BTC-27MAR26-78000-C,78000.0,2026-03-27 08:00:00+00:00,put,0.0155,0.016,74360.15,,,2026-03-16 14:07:14.606423+00:00
BTC-27MAR26-78000-P,78000.0,2026-03-27 08:00:00+00:00,put,0.064,0.066,74360.15,,,2026-03-16 14:07:14.715954+00:00
BTC-27MAR26-80000-C,80000.0,2026-03-27 08:00:00+00:00,put,0.009,0.0095,74360.15,,,2026-03-16 14:07:14.833562+00:00
BTC-27MAR26-80000-P,80000.0,2026-03-27 08:00:00+00:00,put,0.083,0.0875,74358.83,,,2026-03-16 14:07:14.947374+00:00
BTC-27MAR26-82000-C,82000.0,2026-03-27 08:00:00+00:00,put,0.005,0.0055,74360.15,,,2026-03-16 14:07:15.054725+00:00
BTC-27MAR26-82000-P,82000.0,2026-03-27 08:00:00+00:00,put,0.1055,0.1105,74360.15,,,2026-03-16 14:07:15.164339+00:00
BTC-27MAR26-84000-C,84000.0,2026-03-27 08:00:00+00:00,put,0.0029,0.0032,74360.15,,,2026-03-16 14:07:15.274288+00:00
BTC-27MAR26-84000-P,84000.0,2026-03-27 08:00:00+00:00,put,0.13,0.1355,74360.15,,,2026-03-16 14:07:15.397052+00:00
BTC-27MAR26-85000-C,85000.0,2026-03-27 08:00:00+00:00,put,0.0022,0.0024,74360.15,,,2026-03-16 14:07:15.500340+00:00
BTC-27MAR26-85000-P,85000.0,2026-03-27 08:00:00+00:00,put,0.143,0.148,74361.06,,,2026-03-16 14:07:15.605384+00:00
BTC-27MAR26-86000-C,86000.0,2026-03-27 08:00:00+00:00,put,0.0017,0.0019,74361.06,,,2026-03-16 14:07:15.705841+00:00
BTC-27MAR26-86000-P,86000.0,2026-03-27 08:00:00+00:00,put,0.1555,0.161,74361.06,,,2026-03-16 14:07:15.820324+00:00
BTC-27MAR26-88000-C,88000.0,2026-03-27 08:00:00+00:00,put,0.0011,0.0013,74360.15,,,2026-03-16 14:07:15.892586+00:00
BTC-27MAR26-88000-P,88000.0,2026-03-27 08:00:00+00:00,put,0.182,0.1875,74361.06,,,2026-03-16 14:07:15.969849+00:00
BTC-27MAR26-90000-C,90000.0,2026-03-27 08:00:00+00:00,put,0.0007,0.0009,74361.06,,,2026-03-16 14:07:16.046011+00:00
BTC-27MAR26-90000-P,90000.0,2026-03-27 08:00:00+00:00,put,0.2075,0.214,74361.06,,,2026-03-16 14:07:16.116825+00:00
BTC-27MAR26-92000-C,92000.0,2026-03-27 08:00:00+00:00,put,0.0005,0.0008,74360.15,,,2026-03-16 14:07:16.187227+00:00
BTC-27MAR26-92000-P,92000.0,2026-03-27 08:00:00+00:00,put,0.235,0.241,74361.06,,,2026-03-16 14:07:16.261452+00:00
BTC-27MAR26-94000-C,94000.0,2026-03-27 08:00:00+00:00,put,0.0004,0.0006,74361.06,,,2026-03-16 14:07:16.336152+00:00
BTC-27MAR26-94000-P,94000.0,2026-03-27 08:00:00+00:00,put,0.2615,0.268,74361.06,,,2026-03-16 14:07:16.409276+00:00
BTC-27MAR26-95000-C,95000.0,2026-03-27 08:00:00+00:00,put,0.0004,0.0006,74361.39,,,2026-03-16 14:07:16.499609+00:00
BTC-27MAR26-95000-P,95000.0,2026-03-27 08:00:00+00:00,put,0.275,0.2815,74361.11,,,2026-03-16 14:07:16.574240+00:00
BTC-27MAR26-96000-C,96000.0,2026-03-27 08:00:00+00:00,put,0.0003,0.0005,74361.39,,,2026-03-16 14:07:16.648874+00:00
BTC-27MAR26-96000-P,96000.0,2026-03-27 08:00:00+00:00,put,0.2885,0.295,74361.39,,,2026-03-16 14:07:16.719953+00:00
BTC-27MAR26-98000-C,98000.0,2026-03-27 08:00:00+00:00,put,0.0003,0.0005,74361.39,,,2026-03-16 14:07:16.789412+00:00
BTC-27MAR26-98000-P,98000.0,2026-03-27 08:00:00+00:00,put,0.3155,0.322,74361.11,,,2026-03-16 14:07:16.875891+00:00
BTC-27MAR26-100000-C,100000.0,2026-03-27 08:00:00+00:00,put,0.0002,0.0004,74361.11,,,2026-03-16 14:07:16.946657+00:00
BTC-27MAR26-100000-P,100000.0,2026-03-27 08:00:00+00:00,put,0.342,0.349,74361.11,,,2026-03-16 14:07:17.020504+00:00
BTC-27MAR26-102000-C,102000.0,2026-03-27 08:00:00+00:00,put,0.0002,0.0004,74361.39,,,2026-03-16 14:07:17.095116+00:00
BTC-27MAR26-102000-P,102000.0,2026-03-27 08:00:00+00:00,put,0.3685,0.3785,74361.39,,,2026-03-16 14:07:17.181289+00:00
BTC-27MAR26-104000-C,104000.0,2026-03-27 08:00:00+00:00,put,0.0002,0.0003,74361.11,,,2026-03-16 14:07:17.252297+00:00
BTC-27MAR26-104000-P,104000.0,2026-03-27 08:00:00+00:00,put,0.3955,0.4315,74361.39,,,2026-03-16 14:07:17.322385+00:00
BTC-27MAR26-105000-C,105000.0,2026-03-27 08:00:00+00:00,put,0.0001,0.0003,74361.39,,,2026-03-16 14:07:17.396785+00:00
BTC-27MAR26-105000-P,105000.0,2026-03-27 08:00:00+00:00,put,0.409,0.416,74361.39,,,2026-03-16 14:07:17.469122+00:00
BTC-27MAR26-106000-C,106000.0,2026-03-27 08:00:00+00:00,put,0.0001,0.0003,74361.39,,,2026-03-16 14:07:17.542955+00:00
BTC-27MAR26-106000-P,106000.0,2026-03-27 08:00:00+00:00,put,0.422,0.451,74358.27,,,2026-03-16 14:07:17.622764+00:00
BTC-27MAR26-108000-C,108000.0,2026-03-27 08:00:00+00:00,put,0.0001,0.0003,74358.27,,,2026-03-16 14:07:17.702029+00:00
BTC-27MAR26-108000-P,108000.0,2026-03-27 08:00:00+00:00,put,0.449,0.4605,74358.27,,,2026-03-16 14:07:17.773168+00:00
BTC-27MAR26-110000-C,110000.0,2026-03-27 08:00:00+00:00,put,0.0001,0.0003,74358.27,,,2026-03-16 14:07:17.859257+00:00
BTC-27MAR26-110000-P,110000.0,2026-03-27 08:00:00+00:00,put,0.476,0.4835,74358.27,,,2026-03-16 14:07:17.930171+00:00
BTC-27MAR26-112000-C,112000.0,2026-03-27 08:00:00+00:00,put,0.0001,0.0003,74361.39,,,2026-03-16 14:07:18.002862+00:00
BTC-27MAR26-112000-P,112000.0,2026-03-27 08:00:00+00:00,put,0.503,0.5105,74361.39,,,2026-03-16 14:07:18.075926+00:00
BTC-27MAR26-114000-C,114000.0,2026-03-27 08:00:00+00:00,put,0.0001,0.0002,74358.27,,,2026-03-16 14:07:18.151481+00:00
BTC-27MAR26-114000-P,114000.0,2026-03-27 08:00:00+00:00,put,0.5295,0.572,74358.27,,,2026-03-16 14:07:18.226300+00:00
BTC-27MAR26-115000-C,115000.0,2026-03-27 08:00:00+00:00,put,0.0001,0.0002,74358.27,,,2026-03-16 14:07:18.303216+00:00
BTC-27MAR26-115000-P,115000.0,2026-03-27 08:00:00+00:00,put,0.543,0.551,74358.27,,,2026-03-16 14:07:18.383673+00:00
BTC-27MAR26-120000-C,120000.0,2026-03-27 08:00:00+00:00,put,0.0001,0.0002,74358.27,,,2026-03-16 14:07:18.469786+00:00
BTC-27MAR26-120000-P,120000.0,2026-03-27 08:00:00+00:00,put,0.61,0.6185,74358.92,,,2026-03-16 14:07:18.559521+00:00
BTC-27MAR26-125000-P,125000.0,2026-03-27 08:00:00+00:00,put,0.6775,0.686,74358.92,,,2026-03-16 14:07:18.704058+00:00
BTC-27MAR26-130000-P,130000.0,2026-03-27 08:00:00+00:00,put,0.7445,0.7535,74358.27,,,2026-03-16 14:07:18.858075+00:00
BTC-27MAR26-135000-P,135000.0,2026-03-27 08:00:00+00:00,put,0.8115,0.8205,74358.27,,,2026-03-16 14:07:19.000928+00:00
BTC-27MAR26-140000-P,140000.0,2026-03-27 08:00:00+00:00,put,0.8775,0.9015,74358.92,,,2026-03-16 14:07:19.155336+00:00
BTC-27MAR26-145000-P,145000.0,2026-03-27 08:00:00+00:00,put,0.944,1.034,74358.27,,,2026-03-16 14:07:19.316174+00:00
BTC-27MAR26-150000-P,150000.0,2026-03-27 08:00:00+00:00,put,0.9425,1.1045,74358.92,,,2026-03-16 14:07:19.470685+00:00
BTC-27MAR26-155000-P,155000.0,2026-03-27 08:00:00+00:00,put,1.007,1.175,74352.68,,,2026-03-16 14:07:19.622250+00:00
BTC-27MAR26-160000-P,160000.0,2026-03-27 08:00:00+00:00,put,1.147,1.158,74358.92,,,2026-03-16 14:07:19.765443+00:00
BTC-27MAR26-170000-P,170000.0,2026-03-27 08:00:00+00:00,put,1.281,1.293,74352.68,,,2026-03-16 14:07:19.926657+00:00
BTC-27MAR26-180000-P,180000.0,2026-03-27 08:00:00+00:00,put,1.3305,1.5245,74352.68,,,2026-03-16 14:07:20.080958+00:00
BTC-27MAR26-190000-P,190000.0,2026-03-27 08:00:00+00:00,put,1.46,1.665,74352.68,,,2026-03-16 14:07:20.241976+00:00
BTC-27MAR26-200000-P,200000.0,2026-03-27 08:00:00+00:00,put,1.59,1.8055,74352.68,,,2026-03-16 14:07:20.406093+00:00
BTC-27MAR26-210000-P,210000.0,2026-03-27 08:00:00+00:00,put,1.719,1.945,74352.94,,,2026-03-16 14:07:20.563262+00:00
BTC-27MAR26-220000-P,220000.0,2026-03-27 08:00:00+00:00,put,1.849,2.086,74354.32,,,2026-03-16 14:07:20.722988+00:00
BTC-27MAR26-230000-P,230000.0,2026-03-27 08:00:00+00:00,put,1.978,2.2255,74352.94,,,2026-03-16 14:07:20.872631+00:00
BTC-27MAR26-240000-P,240000.0,2026-03-27 08:00:00+00:00,put,2.108,2.3665,74354.32,,,2026-03-16 14:07:21.020556+00:00
BTC-27MAR26-260000-P,260000.0,2026-03-27 08:00:00+00:00,put,2.367,2.647,74354.32,,,2026-03-16 14:07:21.164601+00:00
BTC-27MAR26-280000-P,280000.0,2026-03-27 08:00:00+00:00,put,2.625,2.9275,74354.32,,,2026-03-16 14:07:21.324352+00:00
BTC-27MAR26-300000-P,300000.0,2026-03-27 08:00:00+00:00,put,3.025,3.0475,74363.2,,,2026-03-16 14:07:21.486384+00:00
BTC-27MAR26-320000-P,320000.0,2026-03-27 08:00:00+00:00,put,3.293,3.3175,74354.32,,,2026-03-16 14:07:21.645361+00:00
BTC-27MAR26-340000-P,340000.0,2026-03-27 08:00:00+00:00,put,3.557,3.5875,74363.2,,,2026-03-16 14:07:21.807886+00:00
BTC-3APR26-60000-C,60000.0,2026-04-03 08:00:00+00:00,put,0.1955,0.1995,74376.7125,,,2026-03-16 14:07:21.884974+00:00
BTC-3APR26-60000-P,60000.0,2026-04-03 08:00:00+00:00,put,0.0043,0.0046,74387.235,,,2026-03-16 14:07:21.970369+00:00
BTC-3APR26-64000-C,64000.0,2026-04-03 08:00:00+00:00,put,0.1455,0.1495,74378.4175,,,2026-03-16 14:07:22.065354+00:00
BTC-3APR26-64000-P,64000.0,2026-04-03 08:00:00+00:00,put,0.008,0.0085,74387.235,,,2026-03-16 14:07:22.157170+00:00
BTC-3APR26-65000-C,65000.0,2026-04-03 08:00:00+00:00,put,0.134,0.1375,74378.4175,,,2026-03-16 14:07:22.239661+00:00
BTC-3APR26-65000-P,65000.0,2026-04-03 08:00:00+00:00,put,0.0095,0.01,74387.235,,,2026-03-16 14:07:22.313915+00:00
BTC-3APR26-66000-C,66000.0,2026-04-03 08:00:00+00:00,put,0.122,0.126,74378.4175,,,2026-03-16 14:07:22.393065+00:00
BTC-3APR26-66000-P,66000.0,2026-04-03 08:00:00+00:00,put,0.011,0.012,74378.4175,,,2026-03-16 14:07:22.468217+00:00
BTC-3APR26-67000-C,67000.0,2026-04-03 08:00:00+00:00,put,0.111,0.1145,74376.7125,,,2026-03-16 14:07:22.547593+00:00
BTC-3APR26-67000-P,67000.0,2026-04-03 08:00:00+00:00,put,0.013,0.014,74378.4175,,,2026-03-16 14:07:22.623481+00:00
BTC-3APR26-68000-C,68000.0,2026-04-03 08:00:00+00:00,put,0.099,0.104,74376.7125,,,2026-03-16 14:07:22.750386+00:00
BTC-3APR26-68000-P,68000.0,2026-04-03 08:00:00+00:00,put,0.0155,0.0165,74376.7125,,,2026-03-16 14:07:22.838703+00:00
BTC-3APR26-69000-C,69000.0,2026-04-03 08:00:00+00:00,put,0.089,0.0925,74387.235,,,2026-03-16 14:07:22.920455+00:00
BTC-3APR26-69000-P,69000.0,2026-04-03 08:00:00+00:00,put,0.0185,0.0195,74378.4175,,,2026-03-16 14:07:22.997533+00:00
BTC-3APR26-70000-C,70000.0,2026-04-03 08:00:00+00:00,put,0.0805,0.0825,74376.7125,,,2026-03-16 14:07:23.071708+00:00
BTC-3APR26-70000-P,70000.0,2026-04-03 08:00:00+00:00,put,0.022,0.023,74387.235,,,2026-03-16 14:07:23.148629+00:00
BTC-3APR26-71000-C,71000.0,2026-04-03 08:00:00+00:00,put,0.0715,0.073,74378.4175,,,2026-03-16 14:07:23.222315+00:00
BTC-3APR26-71000-P,71000.0,2026-04-03 08:00:00+00:00,put,0.026,0.027,74387.235,,,2026-03-16 14:07:23.306659+00:00
BTC-3APR26-72000-C,72000.0,2026-04-03 08:00:00+00:00,put,0.0625,0.0635,74387.235,,,2026-03-16 14:07:23.388176+00:00
BTC-3APR26-72000-P,72000.0,2026-04-03 08:00:00+00:00,put,0.0305,0.0315,74378.4175,,,2026-03-16 14:07:23.465501+00:00
BTC-3APR26-73000-C,73000.0,2026-04-03 08:00:00+00:00,put,0.054,0.0555,74387.235,,,2026-03-16 14:07:23.557482+00:00
BTC-3APR26-73000-P,73000.0,2026-04-03 08:00:00+00:00,put,0.036,0.0365,74387.235,,,2026-03-16 14:07:23.632670+00:00
BTC-3APR26-74000-C,74000.0,2026-04-03 08:00:00+00:00,put,0.0465,0.0475,74387.235,,,2026-03-16 14:07:23.709435+00:00
BTC-3APR26-74000-P,74000.0,2026-04-03 08:00:00+00:00,put,0.0415,0.0425,74387.235,,,2026-03-16 14:07:23.791124+00:00
BTC-3APR26-75000-C,75000.0,2026-04-03 08:00:00+00:00,put,0.04,0.041,74387.235,,,2026-03-16 14:07:23.871438+00:00
BTC-3APR26-75000-P,75000.0,2026-04-03 08:00:00+00:00,put,0.048,0.0495,74386.7525,,,2026-03-16 14:07:23.946242+00:00
BTC-3APR26-76000-C,76000.0,2026-04-03 08:00:00+00:00,put,0.0335,0.0345,74386.7525,,,2026-03-16 14:07:24.046537+00:00
BTC-3APR26-76000-P,76000.0,2026-04-03 08:00:00+00:00,put,0.0555,0.0565,74386.7525,,,2026-03-16 14:07:24.145997+00:00
BTC-3APR26-77000-C,77000.0,2026-04-03 08:00:00+00:00,put,0.028,0.029,74386.7525,,,2026-03-16 14:07:24.258141+00:00
BTC-3APR26-77000-P,77000.0,2026-04-03 08:00:00+00:00,put,0.0625,0.0655,74386.845,,,2026-03-16 14:07:24.398628+00:00
BTC-3APR26-78000-C,78000.0,2026-04-03 08:00:00+00:00,put,0.023,0.024,74386.7525,,,2026-03-16 14:07:24.470360+00:00
BTC-3APR26-78000-P,78000.0,2026-04-03 08:00:00+00:00,put,0.0715,0.0735,74386.845,,,2026-03-16 14:07:24.547683+00:00
BTC-3APR26-80000-C,80000.0,2026-04-03 08:00:00+00:00,put,0.0155,0.0165,74386.7525,,,2026-03-16 14:07:24.620957+00:00
BTC-3APR26-80000-P,80000.0,2026-04-03 08:00:00+00:00,put,0.0905,0.0935,74386.845,,,2026-03-16 14:07:24.697673+00:00
BTC-3APR26-85000-C,85000.0,2026-04-03 08:00:00+00:00,put,0.005,0.006,74386.845,,,2026-03-16 14:07:24.774591+00:00
BTC-3APR26-85000-P,85000.0,2026-04-03 08:00:00+00:00,put,0.146,0.1535,74386.845,,,2026-03-16 14:07:24.850955+00:00
BTC-24APR26-40000-C,40000.0,2026-04-24 08:00:00+00:00,put,0.4625,0.465,74458.31,,,2026-03-16 14:07:24.921953+00:00
BTC-24APR26-40000-P,40000.0,2026-04-24 08:00:00+00:00,put,0.0009,0.0012,74455.67,,,2026-03-16 14:07:24.998621+00:00
BTC-24APR26-45000-C,45000.0,2026-04-24 08:00:00+00:00,put,0.3955,0.3995,74455.67,,,2026-03-16 14:07:25.085888+00:00
BTC-24APR26-45000-P,45000.0,2026-04-24 08:00:00+00:00,put,0.0019,0.0022,74455.67,,,2026-03-16 14:07:25.162597+00:00
BTC-24APR26-50000-C,50000.0,2026-04-24 08:00:00+00:00,put,0.329,0.3405,74455.67,,,2026-03-16 14:07:25.231921+00:00
BTC-24APR26-50000-P,50000.0,2026-04-24 08:00:00+00:00,put,0.0034,0.0036,74455.67,,,2026-03-16 14:07:25.304276+00:00
BTC-24APR26-52000-C,52000.0,2026-04-24 08:00:00+00:00,put,0.303,0.308,74455.67,,,2026-03-16 14:07:25.386886+00:00
BTC-24APR26-52000-P,52000.0,2026-04-24 08:00:00+00:00,put,0.0043,0.0046,74458.44,,,2026-03-16 14:07:25.464217+00:00
BTC-24APR26-54000-C,54000.0,2026-04-24 08:00:00+00:00,put,0.277,0.282,74458.44,,,2026-03-16 14:07:25.541228+00:00
BTC-24APR26-54000-P,54000.0,2026-04-24 08:00:00+00:00,put,0.0055,0.006,74455.67,,,2026-03-16 14:07:25.611112+00:00
BTC-24APR26-55000-C,55000.0,2026-04-24 08:00:00+00:00,put,0.265,0.269,74455.67,,,2026-03-16 14:07:25.684352+00:00
BTC-24APR26-55000-P,55000.0,2026-04-24 08:00:00+00:00,put,0.0065,0.007,74455.67,,,2026-03-16 14:07:25.773755+00:00
BTC-24APR26-56000-C,56000.0,2026-04-24 08:00:00+00:00,put,0.2535,0.2565,74455.67,,,2026-03-16 14:07:25.850879+00:00
BTC-24APR26-56000-P,56000.0,2026-04-24 08:00:00+00:00,put,0.007,0.0075,74458.44,,,2026-03-16 14:07:25.929094+00:00
BTC-24APR26-57000-C,57000.0,2026-04-24 08:00:00+00:00,put,0.2405,0.244,74455.76,,,2026-03-16 14:07:26.003337+00:00
BTC-24APR26-57000-P,57000.0,2026-04-24 08:00:00+00:00,put,0.008,0.0085,74455.76,,,2026-03-16 14:07:26.072741+00:00
BTC-24APR26-58000-C,58000.0,2026-04-24 08:00:00+00:00,put,0.2285,0.232,74455.76,,,2026-03-16 14:07:26.145927+00:00
BTC-24APR26-58000-P,58000.0,2026-04-24 08:00:00+00:00,put,0.009,0.0095,74445.66,,,2026-03-16 14:07:26.223079+00:00
BTC-24APR26-59000-C,59000.0,2026-04-24 08:00:00+00:00,put,0.216,0.2195,74455.76,,,2026-03-16 14:07:26.302125+00:00
BTC-24APR26-59000-P,59000.0,2026-04-24 08:00:00+00:00,put,0.01,0.011,74445.66,,,2026-03-16 14:07:26.380348+00:00
BTC-24APR26-60000-C,60000.0,2026-04-24 08:00:00+00:00,put,0.2035,0.2075,74445.66,,,2026-03-16 14:07:26.467718+00:00
BTC-24APR26-60000-P,60000.0,2026-04-24 08:00:00+00:00,put,0.0115,0.0125,74455.76,,,2026-03-16 14:07:26.541042+00:00
BTC-24APR26-61000-C,61000.0,2026-04-24 08:00:00+00:00,put,0.191,0.1955,74445.66,,,2026-03-16 14:07:26.615612+00:00
BTC-24APR26-61000-P,61000.0,2026-04-24 08:00:00+00:00,put,0.013,0.014,74445.66,,,2026-03-16 14:07:26.689161+00:00
BTC-24APR26-62000-C,62000.0,2026-04-24 08:00:00+00:00,put,0.1805,0.184,74445.66,,,2026-03-16 14:07:26.768177+00:00
BTC-24APR26-62000-P,62000.0,2026-04-24 08:00:00+00:00,put,0.015,0.0155,74445.66,,,2026-03-16 14:07:26.849631+00:00
BTC-24APR26-63000-C,63000.0,2026-04-24 08:00:00+00:00,put,0.1685,0.1725,74445.66,,,2026-03-16 14:07:26.943483+00:00
BTC-24APR26-63000-P,63000.0,2026-04-24 08:00:00+00:00,put,0.017,0.0175,74441.92,,,2026-03-16 14:07:27.014162+00:00
BTC-24APR26-64000-C,64000.0,2026-04-24 08:00:00+00:00,put,0.1575,0.1615,74441.92,,,2026-03-16 14:07:27.093655+00:00
BTC-24APR26-64000-P,64000.0,2026-04-24 08:00:00+00:00,put,0.019,0.02,74445.26,,,2026-03-16 14:07:27.181806+00:00
BTC-24APR26-65000-C,65000.0,2026-04-24 08:00:00+00:00,put,0.147,0.1505,74445.26,,,2026-03-16 14:07:27.252702+00:00
BTC-24APR26-65000-P,65000.0,2026-04-24 08:00:00+00:00,put,0.0215,0.0225,74441.92,,,2026-03-16 14:07:27.326844+00:00
BTC-24APR26-66000-C,66000.0,2026-04-24 08:00:00+00:00,put,0.136,0.14,74445.26,,,2026-03-16 14:07:27.401848+00:00
BTC-24APR26-66000-P,66000.0,2026-04-24 08:00:00+00:00,put,0.0245,0.025,74445.26,,,2026-03-16 14:07:27.477607+00:00
BTC-24APR26-67000-C,67000.0,2026-04-24 08:00:00+00:00,put,0.1265,0.129,74445.26,,,2026-03-16 14:07:27.552352+00:00
BTC-24APR26-67000-P,67000.0,2026-04-24 08:00:00+00:00,put,0.0275,0.0285,74441.92,,,2026-03-16 14:07:27.640737+00:00
BTC-24APR26-68000-C,68000.0,2026-04-24 08:00:00+00:00,put,0.117,0.1195,74441.92,,,2026-03-16 14:07:27.723257+00:00
BTC-24APR26-68000-P,68000.0,2026-04-24 08:00:00+00:00,put,0.031,0.032,74441.92,,,2026-03-16 14:07:27.800133+00:00
BTC-24APR26-69000-C,69000.0,2026-04-24 08:00:00+00:00,put,0.1075,0.1095,74441.92,,,2026-03-16 14:07:27.892000+00:00
BTC-24APR26-69000-P,69000.0,2026-04-24 08:00:00+00:00,put,0.035,0.036,74441.92,,,2026-03-16 14:07:27.976636+00:00
BTC-24APR26-70000-C,70000.0,2026-04-24 08:00:00+00:00,put,0.0985,0.1,74467.13,,,2026-03-16 14:07:28.051865+00:00
BTC-24APR26-70000-P,70000.0,2026-04-24 08:00:00+00:00,put,0.039,0.04,74467.13,,,2026-03-16 14:07:28.132275+00:00
BTC-24APR26-71000-C,71000.0,2026-04-24 08:00:00+00:00,put,0.09,0.091,74467.13,,,2026-03-16 14:07:28.224189+00:00
BTC-24APR26-71000-P,71000.0,2026-04-24 08:00:00+00:00,put,0.044,0.045,74467.13,,,2026-03-16 14:07:28.300447+00:00
BTC-24APR26-72000-C,72000.0,2026-04-24 08:00:00+00:00,put,0.082,0.083,74467.13,,,2026-03-16 14:07:28.376370+00:00
BTC-24APR26-72000-P,72000.0,2026-04-24 08:00:00+00:00,put,0.049,0.05,74467.13,,,2026-03-16 14:07:28.460736+00:00
BTC-24APR26-73000-C,73000.0,2026-04-24 08:00:00+00:00,put,0.074,0.0755,74467.13,,,2026-03-16 14:07:28.534457+00:00
BTC-24APR26-73000-P,73000.0,2026-04-24 08:00:00+00:00,put,0.0545,0.0555,74467.13,,,2026-03-16 14:07:28.624667+00:00
BTC-24APR26-74000-C,74000.0,2026-04-24 08:00:00+00:00,put,0.0665,0.068,74467.13,,,2026-03-16 14:07:28.702718+00:00
BTC-24APR26-74000-P,74000.0,2026-04-24 08:00:00+00:00,put,0.061,0.062,74467.13,,,2026-03-16 14:07:28.782741+00:00
BTC-24APR26-75000-C,75000.0,2026-04-24 08:00:00+00:00,put,0.06,0.061,74467.13,,,2026-03-16 14:07:28.853929+00:00
BTC-24APR26-75000-P,75000.0,2026-04-24 08:00:00+00:00,put,0.0675,0.069,74467.13,,,2026-03-16 14:07:28.929174+00:00
BTC-24APR26-76000-C,76000.0,2026-04-24 08:00:00+00:00,put,0.0535,0.055,74492.52,,,2026-03-16 14:07:29.013597+00:00
BTC-24APR26-76000-P,76000.0,2026-04-24 08:00:00+00:00,put,0.0735,0.077,74492.52,,,2026-03-16 14:07:29.090289+00:00
BTC-24APR26-77000-C,77000.0,2026-04-24 08:00:00+00:00,put,0.048,0.049,74492.52,,,2026-03-16 14:07:29.165760+00:00
BTC-24APR26-77000-P,77000.0,2026-04-24 08:00:00+00:00,put,0.081,0.084,74492.52,,,2026-03-16 14:07:29.238081+00:00
BTC-24APR26-78000-C,78000.0,2026-04-24 08:00:00+00:00,put,0.0425,0.0435,74492.52,,,2026-03-16 14:07:29.328865+00:00
BTC-24APR26-78000-P,78000.0,2026-04-24 08:00:00+00:00,put,0.089,0.092,74492.52,,,2026-03-16 14:07:29.407149+00:00
BTC-24APR26-79000-C,79000.0,2026-04-24 08:00:00+00:00,put,0.0375,0.039,74492.52,,,2026-03-16 14:07:29.482730+00:00
BTC-24APR26-79000-P,79000.0,2026-04-24 08:00:00+00:00,put,0.0975,0.102,74492.52,,,2026-03-16 14:07:29.569586+00:00
BTC-24APR26-80000-C,80000.0,2026-04-24 08:00:00+00:00,put,0.033,0.0345,74492.52,,,2026-03-16 14:07:29.649493+00:00
BTC-24APR26-80000-P,80000.0,2026-04-24 08:00:00+00:00,put,0.1065,0.1105,74492.52,,,2026-03-16 14:07:29.722728+00:00
BTC-24APR26-81000-C,81000.0,2026-04-24 08:00:00+00:00,put,0.0295,0.0305,74492.52,,,2026-03-16 14:07:29.811178+00:00
BTC-24APR26-81000-P,81000.0,2026-04-24 08:00:00+00:00,put,0.1065,0.158,74492.52,,,2026-03-16 14:07:29.893049+00:00
BTC-24APR26-82000-C,82000.0,2026-04-24 08:00:00+00:00,put,0.0255,0.0265,74496.13,,,2026-03-16 14:07:29.969314+00:00
BTC-24APR26-82000-P,82000.0,2026-04-24 08:00:00+00:00,put,0.1255,0.13,74496.13,,,2026-03-16 14:07:30.053701+00:00
BTC-24APR26-83000-C,83000.0,2026-04-24 08:00:00+00:00,put,0.022,0.0235,74496.13,,,2026-03-16 14:07:30.127661+00:00
BTC-24APR26-83000-P,83000.0,2026-04-24 08:00:00+00:00,put,0.1355,0.1415,74496.13,,,2026-03-16 14:07:30.208601+00:00
BTC-24APR26-84000-C,84000.0,2026-04-24 08:00:00+00:00,put,0.0195,0.0205,74496.13,,,2026-03-16 14:07:30.288746+00:00
BTC-24APR26-84000-P,84000.0,2026-04-24 08:00:00+00:00,put,0.1455,0.1515,74496.13,,,2026-03-16 14:07:30.379875+00:00
BTC-24APR26-85000-C,85000.0,2026-04-24 08:00:00+00:00,put,0.017,0.018,74496.13,,,2026-03-16 14:07:30.452065+00:00
BTC-24APR26-85000-P,85000.0,2026-04-24 08:00:00+00:00,put,0.156,0.164,74492.6,,,2026-03-16 14:07:30.524888+00:00
BTC-24APR26-86000-C,86000.0,2026-04-24 08:00:00+00:00,put,0.0145,0.0155,74496.13,,,2026-03-16 14:07:30.593375+00:00
BTC-24APR26-86000-P,86000.0,2026-04-24 08:00:00+00:00,put,0.1675,0.1735,74496.13,,,2026-03-16 14:07:30.664187+00:00
BTC-24APR26-88000-C,88000.0,2026-04-24 08:00:00+00:00,put,0.011,0.0115,74492.6,,,2026-03-16 14:07:30.756003+00:00
BTC-24APR26-88000-P,88000.0,2026-04-24 08:00:00+00:00,put,0.19,0.197,74496.13,,,2026-03-16 14:07:30.828811+00:00
BTC-24APR26-90000-C,90000.0,2026-04-24 08:00:00+00:00,put,0.008,0.009,74496.13,,,2026-03-16 14:07:30.905420+00:00
BTC-24APR26-90000-P,90000.0,2026-04-24 08:00:00+00:00,put,0.214,0.221,74496.52,,,2026-03-16 14:07:30.976451+00:00
BTC-24APR26-92000-C,92000.0,2026-04-24 08:00:00+00:00,put,0.006,0.007,74500.2,,,2026-03-16 14:07:31.050729+00:00
BTC-24APR26-92000-P,92000.0,2026-04-24 08:00:00+00:00,put,0.2385,0.248,74500.2,,,2026-03-16 14:07:31.128676+00:00
BTC-24APR26-94000-C,94000.0,2026-04-24 08:00:00+00:00,put,0.0047,0.0049,74500.2,,,2026-03-16 14:07:31.198265+00:00
BTC-24APR26-94000-P,94000.0,2026-04-24 08:00:00+00:00,put,0.264,0.3145,74500.2,,,2026-03-16 14:07:31.270747+00:00
BTC-24APR26-95000-C,95000.0,2026-04-24 08:00:00+00:00,put,0.004,0.0044,74500.2,,,2026-03-16 14:07:31.344787+00:00
BTC-24APR26-95000-P,95000.0,2026-04-24 08:00:00+00:00,put,0.2765,0.318,74500.2,,,2026-03-16 14:07:31.437661+00:00
BTC-24APR26-96000-C,96000.0,2026-04-24 08:00:00+00:00,put,0.0035,0.0039,74500.2,,,2026-03-16 14:07:31.514550+00:00
BTC-24APR26-96000-P,96000.0,2026-04-24 08:00:00+00:00,put,0.2895,0.347,74500.2,,,2026-03-16 14:07:31.592073+00:00
BTC-24APR26-98000-C,98000.0,2026-04-24 08:00:00+00:00,put,0.0027,0.0031,74500.2,,,2026-03-16 14:07:31.669168+00:00
BTC-24APR26-98000-P,98000.0,2026-04-24 08:00:00+00:00,put,0.3155,0.359,74500.2,,,2026-03-16 14:07:31.741993+00:00
BTC-24APR26-100000-C,100000.0,2026-04-24 08:00:00+00:00,put,0.0022,0.0025,74496.52,,,2026-03-16 14:07:31.815988+00:00
BTC-24APR26-100000-P,100000.0,2026-04-24 08:00:00+00:00,put,0.3415,0.3705,74500.2,,,2026-03-16 14:07:31.892682+00:00
BTC-24APR26-105000-C,105000.0,2026-04-24 08:00:00+00:00,put,0.0015,0.0016,74499.84,,,2026-03-16 14:07:31.965237+00:00
BTC-24APR26-105000-P,105000.0,2026-04-24 08:00:00+00:00,put,0.4075,0.446,74497.18,,,2026-03-16 14:07:32.039117+00:00
BTC-24APR26-110000-C,110000.0,2026-04-24 08:00:00+00:00,put,0.001,0.0011,74497.18,,,2026-03-16 14:07:32.130377+00:00
BTC-24APR26-110000-P,110000.0,2026-04-24 08:00:00+00:00,put,0.474,0.5075,74499.84,,,2026-03-16 14:07:32.209121+00:00
BTC-24APR26-120000-C,120000.0,2026-04-24 08:00:00+00:00,put,0.0006,0.0007,74497.18,,,2026-03-16 14:07:32.290730+00:00
BTC-24APR26-120000-P,120000.0,2026-04-24 08:00:00+00:00,put,0.6075,0.648,74497.18,,,2026-03-16 14:07:32.373462+00:00
BTC-29MAY26-40000-C,40000.0,2026-05-29 08:00:00+00:00,put,0.4645,0.4695,74712.9644,,,2026-03-16 14:07:32.446619+00:00
BTC-29MAY26-40000-P,40000.0,2026-05-29 08:00:00+00:00,put,0.0032,0.0035,74716.6622,,,2026-03-16 14:07:32.519052+00:00
BTC-29MAY26-45000-C,45000.0,2026-05-29 08:00:00+00:00,put,0.3995,0.407,74712.9644,,,2026-03-16 14:07:32.592531+00:00
BTC-29MAY26-45000-P,45000.0,2026-05-29 08:00:00+00:00,put,0.005,0.006,74716.6622,,,2026-03-16 14:07:32.664090+00:00
BTC-29MAY26-48000-C,48000.0,2026-05-29 08:00:00+00:00,put,0.3615,0.366,74708.95,,,2026-03-16 14:07:32.742007+00:00
BTC-29MAY26-48000-P,48000.0,2026-05-29 08:00:00+00:00,put,0.007,0.0075,74708.95,,,2026-03-16 14:07:32.828487+00:00
BTC-29MAY26-50000-C,50000.0,2026-05-29 08:00:00+00:00,put,0.3365,0.341,74708.95,,,2026-03-16 14:07:32.900985+00:00
BTC-29MAY26-50000-P,50000.0,2026-05-29 08:00:00+00:00,put,0.0085,0.0095,74716.6622,,,2026-03-16 14:07:32.976642+00:00
BTC-29MAY26-52000-C,52000.0,2026-05-29 08:00:00+00:00,put,0.3115,0.316,74708.95,,,2026-03-16 14:07:33.057516+00:00
BTC-29MAY26-52000-P,52000.0,2026-05-29 08:00:00+00:00,put,0.0105,0.0115,74716.6622,,,2026-03-16 14:07:33.138608+00:00
BTC-29MAY26-54000-C,54000.0,2026-05-29 08:00:00+00:00,put,0.2865,0.2915,74712.9644,,,2026-03-16 14:07:33.218977+00:00
BTC-29MAY26-54000-P,54000.0,2026-05-29 08:00:00+00:00,put,0.013,0.0135,74708.95,,,2026-03-16 14:07:33.297607+00:00
BTC-29MAY26-56000-C,56000.0,2026-05-29 08:00:00+00:00,put,0.263,0.268,74716.6622,,,2026-03-16 14:07:33.376780+00:00
BTC-29MAY26-56000-P,56000.0,2026-05-29 08:00:00+00:00,put,0.0155,0.0165,74657.9378,,,2026-03-16 14:07:33.453865+00:00
BTC-29MAY26-57000-C,57000.0,2026-05-29 08:00:00+00:00,put,0.2515,0.256,74716.6622,,,2026-03-16 14:07:33.546575+00:00
BTC-29MAY26-57000-P,57000.0,2026-05-29 08:00:00+00:00,put,0.0175,0.0185,74716.6622,,,2026-03-16 14:07:33.617418+00:00
BTC-29MAY26-58000-C,58000.0,2026-05-29 08:00:00+00:00,put,0.241,0.2445,74716.6622,,,2026-03-16 14:07:33.696584+00:00
BTC-29MAY26-58000-P,58000.0,2026-05-29 08:00:00+00:00,put,0.019,0.02,74716.6622,,,2026-03-16 14:07:33.772627+00:00
BTC-29MAY26-59000-C,59000.0,2026-05-29 08:00:00+00:00,put,0.2285,0.233,74708.95,,,2026-03-16 14:07:33.846703+00:00
BTC-29MAY26-59000-P,59000.0,2026-05-29 08:00:00+00:00,put,0.021,0.022,74657.9378,,,2026-03-16 14:07:33.919175+00:00
BTC-29MAY26-60000-C,60000.0,2026-05-29 08:00:00+00:00,put,0.2175,0.222,74708.95,,,2026-03-16 14:07:33.992195+00:00
BTC-29MAY26-60000-P,60000.0,2026-05-29 08:00:00+00:00,put,0.0235,0.0245,74716.6622,,,2026-03-16 14:07:34.064316+00:00
BTC-29MAY26-61000-C,61000.0,2026-05-29 08:00:00+00:00,put,0.2065,0.211,74708.95,,,2026-03-16 14:07:34.141737+00:00
BTC-29MAY26-61000-P,61000.0,2026-05-29 08:00:00+00:00,put,0.0255,0.0265,74683.1211,,,2026-03-16 14:07:34.230296+00:00
BTC-29MAY26-62000-C,62000.0,2026-05-29 08:00:00+00:00,put,0.1955,0.2005,74708.95,,,2026-03-16 14:07:34.305200+00:00
BTC-29MAY26-62000-P,62000.0,2026-05-29 08:00:00+00:00,put,0.0285,0.0295,74657.9378,,,2026-03-16 14:07:34.387315+00:00
BTC-29MAY26-63000-C,63000.0,2026-05-29 08:00:00+00:00,put,0.185,0.19,74714.1644,,,2026-03-16 14:07:34.458524+00:00
BTC-29MAY26-63000-P,63000.0,2026-05-29 08:00:00+00:00,put,0.0315,0.0325,74657.9378,,,2026-03-16 14:07:34.532257+00:00
BTC-29MAY26-64000-C,64000.0,2026-05-29 08:00:00+00:00,put,0.175,0.1795,74716.6622,,,2026-03-16 14:07:34.604880+00:00
BTC-29MAY26-64000-P,64000.0,2026-05-29 08:00:00+00:00,put,0.0345,0.0355,74708.95,,,2026-03-16 14:07:34.679860+00:00
BTC-29MAY26-65000-C,65000.0,2026-05-29 08:00:00+00:00,put,0.1655,0.1695,74714.1644,,,2026-03-16 14:07:34.751903+00:00
BTC-29MAY26-65000-P,65000.0,2026-05-29 08:00:00+00:00,put,0.038,0.039,74714.1644,,,2026-03-16 14:07:34.828269+00:00
BTC-29MAY26-66000-C,66000.0,2026-05-29 08:00:00+00:00,put,0.157,0.16,74716.6622,,,2026-03-16 14:07:34.917726+00:00
BTC-29MAY26-66000-P,66000.0,2026-05-29 08:00:00+00:00,put,0.0415,0.0425,74714.1644,,,2026-03-16 14:07:34.989822+00:00
BTC-29MAY26-67000-C,67000.0,2026-05-29 08:00:00+00:00,put,0.1475,0.1505,74714.1644,,,2026-03-16 14:07:35.060611+00:00
BTC-29MAY26-67000-P,67000.0,2026-05-29 08:00:00+00:00,put,0.046,0.0465,74714.1644,,,2026-03-16 14:07:35.131941+00:00
BTC-29MAY26-68000-C,68000.0,2026-05-29 08:00:00+00:00,put,0.138,0.141,74714.1644,,,2026-03-16 14:07:35.201505+00:00
BTC-29MAY26-68000-P,68000.0,2026-05-29 08:00:00+00:00,put,0.05,0.051,74714.1644,,,2026-03-16 14:07:35.283242+00:00
BTC-29MAY26-69000-C,69000.0,2026-05-29 08:00:00+00:00,put,0.13,0.132,74716.6622,,,2026-03-16 14:07:35.356892+00:00
BTC-29MAY26-69000-P,69000.0,2026-05-29 08:00:00+00:00,put,0.0545,0.0555,74714.1644,,,2026-03-16 14:07:35.429093+00:00
BTC-29MAY26-70000-C,70000.0,2026-05-29 08:00:00+00:00,put,0.122,0.1235,74714.5911,,,2026-03-16 14:07:35.501165+00:00
BTC-29MAY26-70000-P,70000.0,2026-05-29 08:00:00+00:00,put,0.0595,0.0605,74714.4711,,,2026-03-16 14:07:35.586459+00:00
BTC-29MAY26-71000-C,71000.0,2026-05-29 08:00:00+00:00,put,0.114,0.1155,74714.4711,,,2026-03-16 14:07:35.658722+00:00
BTC-29MAY26-71000-P,71000.0,2026-05-29 08:00:00+00:00,put,0.065,0.066,74676.1689,,,2026-03-16 14:07:35.732411+00:00
BTC-29MAY26-72000-C,72000.0,2026-05-29 08:00:00+00:00,put,0.1065,0.108,74714.5911,,,2026-03-16 14:07:35.806074+00:00
BTC-29MAY26-72000-P,72000.0,2026-05-29 08:00:00+00:00,put,0.0705,0.0715,74657.9378,,,2026-03-16 14:07:35.878003+00:00
BTC-29MAY26-73000-C,73000.0,2026-05-29 08:00:00+00:00,put,0.0995,0.1005,74708.95,,,2026-03-16 14:07:35.949811+00:00
BTC-29MAY26-73000-P,73000.0,2026-05-29 08:00:00+00:00,put,0.0765,0.078,74714.4711,,,2026-03-16 14:07:36.022793+00:00
BTC-29MAY26-74000-C,74000.0,2026-05-29 08:00:00+00:00,put,0.0925,0.0935,74714.1644,,,2026-03-16 14:07:36.094734+00:00
BTC-29MAY26-74000-P,74000.0,2026-05-29 08:00:00+00:00,put,0.083,0.084,74657.9378,,,2026-03-16 14:07:36.164608+00:00
BTC-29MAY26-75000-C,75000.0,2026-05-29 08:00:00+00:00,put,0.0855,0.087,74714.5911,,,2026-03-16 14:07:36.248249+00:00
BTC-29MAY26-75000-P,75000.0,2026-05-29 08:00:00+00:00,put,0.0895,0.091,74671.8878,,,2026-03-16 14:07:36.326214+00:00
BTC-29MAY26-76000-C,76000.0,2026-05-29 08:00:00+00:00,put,0.0795,0.0805,74713.9422,,,2026-03-16 14:07:36.401140+00:00
BTC-29MAY26-76000-P,76000.0,2026-05-29 08:00:00+00:00,put,0.0965,0.098,74713.9422,,,2026-03-16 14:07:36.473682+00:00
BTC-29MAY26-77000-C,77000.0,2026-05-29 08:00:00+00:00,put,0.0735,0.0745,74713.9422,,,2026-03-16 14:07:36.547393+00:00
BTC-29MAY26-77000-P,77000.0,2026-05-29 08:00:00+00:00,put,0.104,0.1055,74713.9422,,,2026-03-16 14:07:36.619117+00:00
BTC-29MAY26-78000-C,78000.0,2026-05-29 08:00:00+00:00,put,0.068,0.069,74714.5911,,,2026-03-16 14:07:36.694260+00:00
BTC-29MAY26-78000-P,78000.0,2026-05-29 08:00:00+00:00,put,0.112,0.114,74714.5911,,,2026-03-16 14:07:36.769401+00:00
BTC-29MAY26-79000-C,79000.0,2026-05-29 08:00:00+00:00,put,0.0625,0.0635,74713.9422,,,2026-03-16 14:07:36.839490+00:00
BTC-29MAY26-79000-P,79000.0,2026-05-29 08:00:00+00:00,put,0.12,0.1215,74714.5911,,,2026-03-16 14:07:36.931708+00:00
BTC-29MAY26-80000-C,80000.0,2026-05-29 08:00:00+00:00,put,0.0575,0.0585,74714.1644,,,2026-03-16 14:07:37.006366+00:00
BTC-29MAY26-80000-P,80000.0,2026-05-29 08:00:00+00:00,put,0.128,0.1295,74713.9422,,,2026-03-16 14:07:37.079331+00:00
BTC-29MAY26-81000-C,81000.0,2026-05-29 08:00:00+00:00,put,0.053,0.054,74714.5911,,,2026-03-16 14:07:37.151156+00:00
BTC-29MAY26-81000-P,81000.0,2026-05-29 08:00:00+00:00,put,0.1365,0.139,74714.4711,,,2026-03-16 14:07:37.226907+00:00
BTC-29MAY26-82000-C,82000.0,2026-05-29 08:00:00+00:00,put,0.0485,0.0495,74714.5911,,,2026-03-16 14:07:37.304301+00:00
BTC-29MAY26-82000-P,82000.0,2026-05-29 08:00:00+00:00,put,0.1455,0.148,74716.6622,,,2026-03-16 14:07:37.445844+00:00
BTC-29MAY26-83000-C,83000.0,2026-05-29 08:00:00+00:00,put,0.0445,0.0455,74713.9422,,,2026-03-16 14:07:37.576422+00:00
BTC-29MAY26-83000-P,83000.0,2026-05-29 08:00:00+00:00,put,0.1545,0.1575,74713.9422,,,2026-03-16 14:07:37.647107+00:00
BTC-29MAY26-84000-C,84000.0,2026-05-29 08:00:00+00:00,put,0.0405,0.0415,74713.9422,,,2026-03-16 14:07:37.738751+00:00
BTC-29MAY26-84000-P,84000.0,2026-05-29 08:00:00+00:00,put,0.164,0.167,74713.9422,,,2026-03-16 14:07:37.808532+00:00
BTC-29MAY26-85000-C,85000.0,2026-05-29 08:00:00+00:00,put,0.037,0.038,74713.9422,,,2026-03-16 14:07:37.882966+00:00
BTC-29MAY26-85000-P,85000.0,2026-05-29 08:00:00+00:00,put,0.1745,0.177,74713.9422,,,2026-03-16 14:07:37.954314+00:00
BTC-29MAY26-86000-C,86000.0,2026-05-29 08:00:00+00:00,put,0.034,0.035,74714.0344,,,2026-03-16 14:07:38.033501+00:00
BTC-29MAY26-86000-P,86000.0,2026-05-29 08:00:00+00:00,put,0.184,0.1875,74714.5911,,,2026-03-16 14:07:38.111896+00:00
BTC-29MAY26-88000-C,88000.0,2026-05-29 08:00:00+00:00,put,0.028,0.029,74713.9422,,,2026-03-16 14:07:38.185492+00:00
BTC-29MAY26-88000-P,88000.0,2026-05-29 08:00:00+00:00,put,0.204,0.2095,74714.5911,,,2026-03-16 14:07:38.255620+00:00
BTC-29MAY26-90000-C,90000.0,2026-05-29 08:00:00+00:00,put,0.0235,0.024,74713.9422,,,2026-03-16 14:07:38.328194+00:00
BTC-29MAY26-90000-P,90000.0,2026-05-29 08:00:00+00:00,put,0.226,0.234,74714.0344,,,2026-03-16 14:07:38.421370+00:00
BTC-29MAY26-92000-C,92000.0,2026-05-29 08:00:00+00:00,put,0.019,0.02,74713.9422,,,2026-03-16 14:07:38.497940+00:00
BTC-29MAY26-92000-P,92000.0,2026-05-29 08:00:00+00:00,put,0.2485,0.257,74714.0344,,,2026-03-16 14:07:38.574668+00:00
BTC-29MAY26-94000-C,94000.0,2026-05-29 08:00:00+00:00,put,0.0155,0.0165,74714.0344,,,2026-03-16 14:07:38.648305+00:00
BTC-29MAY26-94000-P,94000.0,2026-05-29 08:00:00+00:00,put,0.272,0.2805,74714.0344,,,2026-03-16 14:07:38.726219+00:00
BTC-29MAY26-95000-C,95000.0,2026-05-29 08:00:00+00:00,put,0.014,0.015,74714.0344,,,2026-03-16 14:07:38.798028+00:00
BTC-29MAY26-95000-P,95000.0,2026-05-29 08:00:00+00:00,put,0.284,0.2925,74714.0344,,,2026-03-16 14:07:38.882865+00:00
BTC-29MAY26-96000-C,96000.0,2026-05-29 08:00:00+00:00,put,0.013,0.014,74713.9422,,,2026-03-16 14:07:38.956739+00:00
BTC-29MAY26-96000-P,96000.0,2026-05-29 08:00:00+00:00,put,0.2955,0.3035,74714.0344,,,2026-03-16 14:07:39.032134+00:00
BTC-29MAY26-98000-C,98000.0,2026-05-29 08:00:00+00:00,put,0.0105,0.0115,74713.9422,,,2026-03-16 14:07:39.119353+00:00
BTC-29MAY26-98000-P,98000.0,2026-05-29 08:00:00+00:00,put,0.32,0.382,74714.0344,,,2026-03-16 14:07:39.192081+00:00
BTC-29MAY26-100000-C,100000.0,2026-05-29 08:00:00+00:00,put,0.009,0.0095,74675.8944,,,2026-03-16 14:07:39.268953+00:00
BTC-29MAY26-100000-P,100000.0,2026-05-29 08:00:00+00:00,put,0.345,0.4085,74714.0344,,,2026-03-16 14:07:39.347218+00:00
BTC-29MAY26-105000-C,105000.0,2026-05-29 08:00:00+00:00,put,0.0055,0.0065,74712.7011,,,2026-03-16 14:07:39.427005+00:00
BTC-29MAY26-105000-P,105000.0,2026-05-29 08:00:00+00:00,put,0.4085,0.476,74712.7011,,,2026-03-16 14:07:39.502288+00:00
BTC-26JUN26-20000-C,20000.0,2026-06-26 08:00:00+00:00,put,0.7325,0.7345,74877.09,,,2026-03-16 14:07:39.582970+00:00
BTC-26JUN26-20000-P,20000.0,2026-06-26 08:00:00+00:00,put,0.0008,0.0009,74877.09,,,2026-03-16 14:07:39.655270+00:00
BTC-26JUN26-30000-C,30000.0,2026-06-26 08:00:00+00:00,put,0.6,0.602,74877.09,,,2026-03-16 14:07:39.730119+00:00
BTC-26JUN26-30000-P,30000.0,2026-06-26 08:00:00+00:00,put,0.002,0.0023,74877.09,,,2026-03-16 14:07:39.825496+00:00
BTC-26JUN26-40000-C,40000.0,2026-06-26 08:00:00+00:00,put,0.47,0.472,74876.32,,,2026-03-16 14:07:39.899183+00:00
BTC-26JUN26-40000-P,40000.0,2026-06-26 08:00:00+00:00,put,0.0055,0.006,74876.32,,,2026-03-16 14:07:39.973830+00:00
BTC-26JUN26-45000-C,45000.0,2026-06-26 08:00:00+00:00,put,0.406,0.4095,74876.32,,,2026-03-16 14:07:40.049809+00:00
BTC-26JUN26-45000-P,45000.0,2026-06-26 08:00:00+00:00,put,0.0085,0.009,74876.32,,,2026-03-16 14:07:40.120718+00:00
BTC-26JUN26-50000-C,50000.0,2026-06-26 08:00:00+00:00,put,0.344,0.348,74876.32,,,2026-03-16 14:07:40.192587+00:00
BTC-26JUN26-50000-P,50000.0,2026-06-26 08:00:00+00:00,put,0.0135,0.0145,74876.32,,,2026-03-16 14:07:40.274934+00:00
BTC-26JUN26-55000-C,55000.0,2026-06-26 08:00:00+00:00,put,0.284,0.2885,74876.32,,,2026-03-16 14:07:40.353422+00:00
BTC-26JUN26-55000-P,55000.0,2026-06-26 08:00:00+00:00,put,0.021,0.022,74876.32,,,2026-03-16 14:07:40.427422+00:00
BTC-26JUN26-58000-C,58000.0,2026-06-26 08:00:00+00:00,put,0.2505,0.255,74876.32,,,2026-03-16 14:07:40.520184+00:00
BTC-26JUN26-58000-P,58000.0,2026-06-26 08:00:00+00:00,put,0.0275,0.0285,74876.32,,,2026-03-16 14:07:40.590859+00:00
BTC-26JUN26-60000-C,60000.0,2026-06-26 08:00:00+00:00,put,0.2285,0.2335,74876.32,,,2026-03-16 14:07:40.669601+00:00
BTC-26JUN26-60000-P,60000.0,2026-06-26 08:00:00+00:00,put,0.0325,0.0335,74876.32,,,2026-03-16 14:07:40.738741+00:00
BTC-26JUN26-62000-C,62000.0,2026-06-26 08:00:00+00:00,put,0.209,0.2125,74881.52,,,2026-03-16 14:07:40.814893+00:00
BTC-26JUN26-62000-P,62000.0,2026-06-26 08:00:00+00:00,put,0.0385,0.0395,74881.52,,,2026-03-16 14:07:40.887836+00:00
BTC-26JUN26-64000-C,64000.0,2026-06-26 08:00:00+00:00,put,0.189,0.193,74881.52,,,2026-03-16 14:07:40.962439+00:00
BTC-26JUN26-64000-P,64000.0,2026-06-26 08:00:00+00:00,put,0.0455,0.0465,74881.52,,,2026-03-16 14:07:41.035929+00:00
BTC-26JUN26-65000-C,65000.0,2026-06-26 08:00:00+00:00,put,0.181,0.183,74881.52,,,2026-03-16 14:07:41.106923+00:00
BTC-26JUN26-65000-P,65000.0,2026-06-26 08:00:00+00:00,put,0.0495,0.0505,74881.52,,,2026-03-16 14:07:41.203862+00:00
BTC-26JUN26-66000-C,66000.0,2026-06-26 08:00:00+00:00,put,0.171,0.174,74875.59,,,2026-03-16 14:07:41.279153+00:00
BTC-26JUN26-66000-P,66000.0,2026-06-26 08:00:00+00:00,put,0.054,0.0545,74881.52,,,2026-03-16 14:07:41.357932+00:00
BTC-26JUN26-68000-C,68000.0,2026-06-26 08:00:00+00:00,put,0.1545,0.1555,74875.59,,,2026-03-16 14:07:41.432319+00:00
BTC-26JUN26-68000-P,68000.0,2026-06-26 08:00:00+00:00,put,0.063,0.064,74881.52,,,2026-03-16 14:07:41.506162+00:00
BTC-26JUN26-70000-C,70000.0,2026-06-26 08:00:00+00:00,put,0.138,0.1395,74875.59,,,2026-03-16 14:07:41.585945+00:00
BTC-26JUN26-70000-P,70000.0,2026-06-26 08:00:00+00:00,put,0.0735,0.074,74881.52,,,2026-03-16 14:07:41.654724+00:00
BTC-26JUN26-72000-C,72000.0,2026-06-26 08:00:00+00:00,put,0.123,0.124,74875.59,,,2026-03-16 14:07:41.732495+00:00
BTC-26JUN26-72000-P,72000.0,2026-06-26 08:00:00+00:00,put,0.0845,0.086,74883.82,,,2026-03-16 14:07:41.802464+00:00
BTC-26JUN26-74000-C,74000.0,2026-06-26 08:00:00+00:00,put,0.109,0.11,74883.82,,,2026-03-16 14:07:41.901594+00:00
BTC-26JUN26-74000-P,74000.0,2026-06-26 08:00:00+00:00,put,0.0975,0.099,74883.82,,,2026-03-16 14:07:41.979981+00:00
BTC-26JUN26-75000-C,75000.0,2026-06-26 08:00:00+00:00,put,0.102,0.1035,74883.82,,,2026-03-16 14:07:42.054005+00:00
BTC-26JUN26-75000-P,75000.0,2026-06-26 08:00:00+00:00,put,0.104,0.1055,74883.82,,,2026-03-16 14:07:42.134992+00:00
BTC-26JUN26-76000-C,76000.0,2026-06-26 08:00:00+00:00,put,0.096,0.097,74883.82,,,2026-03-16 14:07:42.209289+00:00
BTC-26JUN26-76000-P,76000.0,2026-06-26 08:00:00+00:00,put,0.111,0.1125,74881.43,,,2026-03-16 14:07:42.285162+00:00
BTC-26JUN26-78000-C,78000.0,2026-06-26 08:00:00+00:00,put,0.0845,0.0855,74883.82,,,2026-03-16 14:07:42.368406+00:00
BTC-26JUN26-78000-P,78000.0,2026-06-26 08:00:00+00:00,put,0.126,0.128,74883.82,,,2026-03-16 14:07:42.438169+00:00
BTC-26JUN26-80000-C,80000.0,2026-06-26 08:00:00+00:00,put,0.074,0.075,74883.82,,,2026-03-16 14:07:42.510510+00:00
BTC-26JUN26-80000-P,80000.0,2026-06-26 08:00:00+00:00,put,0.142,0.144,74883.82,,,2026-03-16 14:07:42.607671+00:00
BTC-26JUN26-82000-C,82000.0,2026-06-26 08:00:00+00:00,put,0.0645,0.0655,74883.82,,,2026-03-16 14:07:42.700893+00:00
BTC-26JUN26-82000-P,82000.0,2026-06-26 08:00:00+00:00,put,0.1595,0.161,74883.07,,,2026-03-16 14:07:42.781102+00:00
BTC-26JUN26-84000-C,84000.0,2026-06-26 08:00:00+00:00,put,0.056,0.057,74883.07,,,2026-03-16 14:07:42.861739+00:00
BTC-26JUN26-84000-P,84000.0,2026-06-26 08:00:00+00:00,put,0.1765,0.181,74883.07,,,2026-03-16 14:07:42.939172+00:00
BTC-26JUN26-85000-C,85000.0,2026-06-26 08:00:00+00:00,put,0.052,0.053,74883.07,,,2026-03-16 14:07:43.015366+00:00
BTC-26JUN26-85000-P,85000.0,2026-06-26 08:00:00+00:00,put,0.1865,0.1915,74883.07,,,2026-03-16 14:07:43.095865+00:00
BTC-26JUN26-86000-C,86000.0,2026-06-26 08:00:00+00:00,put,0.0485,0.0495,74883.07,,,2026-03-16 14:07:43.180230+00:00
BTC-26JUN26-86000-P,86000.0,2026-06-26 08:00:00+00:00,put,0.196,0.2015,74883.57,,,2026-03-16 14:07:43.250803+00:00
BTC-26JUN26-88000-C,88000.0,2026-06-26 08:00:00+00:00,put,0.042,0.0425,74883.07,,,2026-03-16 14:07:43.342449+00:00
BTC-26JUN26-88000-P,88000.0,2026-06-26 08:00:00+00:00,put,0.2145,0.222,74883.07,,,2026-03-16 14:07:43.417074+00:00
BTC-26JUN26-90000-C,90000.0,2026-06-26 08:00:00+00:00,put,0.036,0.037,74883.07,,,2026-03-16 14:07:43.492296+00:00
BTC-26JUN26-90000-P,90000.0,2026-06-26 08:00:00+00:00,put,0.236,0.2415,74883.07,,,2026-03-16 14:07:43.576774+00:00
BTC-26JUN26-95000-C,95000.0,2026-06-26 08:00:00+00:00,put,0.0245,0.0255,74883.07,,,2026-03-16 14:07:43.650835+00:00
BTC-26JUN26-95000-P,95000.0,2026-06-26 08:00:00+00:00,put,0.2905,0.2995,74883.07,,,2026-03-16 14:07:43.723742+00:00
BTC-26JUN26-100000-C,100000.0,2026-06-26 08:00:00+00:00,put,0.0165,0.0175,74885.12,,,2026-03-16 14:07:43.799154+00:00
BTC-26JUN26-100000-P,100000.0,2026-06-26 08:00:00+00:00,put,0.349,0.359,74885.12,,,2026-03-16 14:07:43.873923+00:00
BTC-26JUN26-105000-C,105000.0,2026-06-26 08:00:00+00:00,put,0.0115,0.0125,74882.75,,,2026-03-16 14:07:43.953121+00:00
BTC-26JUN26-105000-P,105000.0,2026-06-26 08:00:00+00:00,put,0.4105,0.4195,74885.12,,,2026-03-16 14:07:44.048362+00:00
BTC-26JUN26-110000-C,110000.0,2026-06-26 08:00:00+00:00,put,0.008,0.0085,74882.75,,,2026-03-16 14:07:44.127255+00:00
BTC-26JUN26-110000-P,110000.0,2026-06-26 08:00:00+00:00,put,0.4735,0.4825,74885.12,,,2026-03-16 14:07:44.204216+00:00
BTC-26JUN26-115000-C,115000.0,2026-06-26 08:00:00+00:00,put,0.0055,0.0065,74885.12,,,2026-03-16 14:07:44.274635+00:00
BTC-26JUN26-115000-P,115000.0,2026-06-26 08:00:00+00:00,put,0.5375,0.547,74885.12,,,2026-03-16 14:07:44.349674+00:00
BTC-26JUN26-120000-C,120000.0,2026-06-26 08:00:00+00:00,put,0.0045,0.0048,74885.12,,,2026-03-16 14:07:44.426342+00:00
BTC-26JUN26-120000-P,120000.0,2026-06-26 08:00:00+00:00,put,0.6025,0.6125,74885.12,,,2026-03-16 14:07:44.504427+00:00
BTC-26JUN26-125000-C,125000.0,2026-06-26 08:00:00+00:00,put,0.0035,0.0037,74885.12,,,2026-03-16 14:07:44.582525+00:00
BTC-26JUN26-125000-P,125000.0,2026-06-26 08:00:00+00:00,put,0.668,0.681,74885.12,,,2026-03-16 14:07:44.663968+00:00
BTC-26JUN26-130000-C,130000.0,2026-06-26 08:00:00+00:00,put,0.0027,0.003,74885.12,,,2026-03-16 14:07:44.765926+00:00
BTC-26JUN26-130000-P,130000.0,2026-06-26 08:00:00+00:00,put,0.734,0.745,74886.05,,,2026-03-16 14:07:44.843486+00:00
BTC-26JUN26-135000-C,135000.0,2026-06-26 08:00:00+00:00,put,0.0021,0.0025,74886.05,,,2026-03-16 14:07:44.918279+00:00
BTC-26JUN26-135000-P,135000.0,2026-06-26 08:00:00+00:00,put,0.787,0.888,74886.05,,,2026-03-16 14:07:44.990917+00:00
BTC-26JUN26-140000-C,140000.0,2026-06-26 08:00:00+00:00,put,0.0017,0.0021,74886.05,,,2026-03-16 14:07:45.067966+00:00
BTC-26JUN26-140000-P,140000.0,2026-06-26 08:00:00+00:00,put,0.8545,0.9405,74884.91,,,2026-03-16 14:07:45.146965+00:00
BTC-26JUN26-145000-C,145000.0,2026-06-26 08:00:00+00:00,put,0.0014,0.0017,74886.05,,,2026-03-16 14:07:45.220577+00:00
BTC-26JUN26-145000-P,145000.0,2026-06-26 08:00:00+00:00,put,0.9325,1.0285,74886.05,,,2026-03-16 14:07:45.300674+00:00
BTC-26JUN26-150000-C,150000.0,2026-06-26 08:00:00+00:00,put,0.0012,0.0014,74886.05,,,2026-03-16 14:07:45.373742+00:00
BTC-26JUN26-150000-P,150000.0,2026-06-26 08:00:00+00:00,put,0.954,1.0975,74886.05,,,2026-03-16 14:07:45.459840+00:00
BTC-26JUN26-155000-C,155000.0,2026-06-26 08:00:00+00:00,put,0.001,0.0013,74886.05,,,2026-03-16 14:07:45.534121+00:00
BTC-26JUN26-155000-P,155000.0,2026-06-26 08:00:00+00:00,put,0.994,1.166,74886.05,,,2026-03-16 14:07:45.607661+00:00
BTC-26JUN26-160000-C,160000.0,2026-06-26 08:00:00+00:00,put,0.0009,0.0011,74884.91,,,2026-03-16 14:07:45.679789+00:00
BTC-26JUN26-160000-P,160000.0,2026-06-26 08:00:00+00:00,put,1.0585,1.236,74886.05,,,2026-03-16 14:07:45.751856+00:00
BTC-26JUN26-165000-C,165000.0,2026-06-26 08:00:00+00:00,put,0.0008,0.001,74885.38,,,2026-03-16 14:07:45.823864+00:00
BTC-26JUN26-165000-P,165000.0,2026-06-26 08:00:00+00:00,put,1.123,1.305,74885.38,,,2026-03-16 14:07:45.893713+00:00
BTC-26JUN26-170000-C,170000.0,2026-06-26 08:00:00+00:00,put,0.0007,0.0009,74885.7,,,2026-03-16 14:07:45.967280+00:00
BTC-26JUN26-170000-P,170000.0,2026-06-26 08:00:00+00:00,put,1.1875,1.3745,74885.38,,,2026-03-16 14:07:46.037701+00:00
BTC-26JUN26-180000-C,180000.0,2026-06-26 08:00:00+00:00,put,0.0006,0.0008,74885.38,,,2026-03-16 14:07:46.124002+00:00
BTC-26JUN26-180000-P,180000.0,2026-06-26 08:00:00+00:00,put,1.3945,1.417,74885.38,,,2026-03-16 14:07:46.195388+00:00
BTC-26JUN26-190000-C,190000.0,2026-06-26 08:00:00+00:00,put,0.0003,0.0007,74885.38,,,2026-03-16 14:07:46.271195+00:00
BTC-26JUN26-190000-P,190000.0,2026-06-26 08:00:00+00:00,put,1.444,1.652,74885.38,,,2026-03-16 14:07:46.340849+00:00
BTC-26JUN26-200000-C,200000.0,2026-06-26 08:00:00+00:00,put,0.0004,0.0005,74885.38,,,2026-03-16 14:07:46.421375+00:00
BTC-26JUN26-200000-P,200000.0,2026-06-26 08:00:00+00:00,put,1.5725,1.7915,74885.38,,,2026-03-16 14:07:46.492910+00:00
BTC-26JUN26-210000-C,210000.0,2026-06-26 08:00:00+00:00,put,0.0003,0.0005,74885.38,,,2026-03-16 14:07:46.569555+00:00
BTC-26JUN26-210000-P,210000.0,2026-06-26 08:00:00+00:00,put,1.702,1.9295,74885.38,,,2026-03-16 14:07:46.645454+00:00
BTC-26JUN26-220000-C,220000.0,2026-06-26 08:00:00+00:00,put,0.0002,0.0005,74885.38,,,2026-03-16 14:07:46.719708+00:00
BTC-26JUN26-220000-P,220000.0,2026-06-26 08:00:00+00:00,put,1.83,2.0685,74890.52,,,2026-03-16 14:07:46.808693+00:00
BTC-26JUN26-230000-C,230000.0,2026-06-26 08:00:00+00:00,put,0.0002,0.0005,74890.52,,,2026-03-16 14:07:46.886737+00:00
BTC-26JUN26-230000-P,230000.0,2026-06-26 08:00:00+00:00,put,1.9585,2.208,74890.52,,,2026-03-16 14:07:46.969323+00:00
BTC-26JUN26-240000-C,240000.0,2026-06-26 08:00:00+00:00,put,0.0002,0.0004,74890.52,,,2026-03-16 14:07:47.039712+00:00
BTC-26JUN26-240000-P,240000.0,2026-06-26 08:00:00+00:00,put,2.087,2.3475,74890.52,,,2026-03-16 14:07:47.113233+00:00
BTC-26JUN26-250000-C,250000.0,2026-06-26 08:00:00+00:00,put,0.0001,0.0004,74890.52,,,2026-03-16 14:07:47.188550+00:00
BTC-26JUN26-250000-P,250000.0,2026-06-26 08:00:00+00:00,put,2.2165,2.486,74890.52,,,2026-03-16 14:07:47.262943+00:00
BTC-26JUN26-260000-C,260000.0,2026-06-26 08:00:00+00:00,put,0.0001,0.0004,74890.52,,,2026-03-16 14:07:47.336527+00:00
BTC-26JUN26-260000-P,260000.0,2026-06-26 08:00:00+00:00,put,2.3445,2.6255,74890.52,,,2026-03-16 14:07:47.414069+00:00
BTC-26JUN26-280000-C,280000.0,2026-06-26 08:00:00+00:00,put,0.0001,0.0003,74890.52,,,2026-03-16 14:07:47.505006+00:00
BTC-26JUN26-280000-P,280000.0,2026-06-26 08:00:00+00:00,put,2.6015,2.904,74890.52,,,2026-03-16 14:07:47.581428+00:00
BTC-26JUN26-300000-C,300000.0,2026-06-26 08:00:00+00:00,put,0.0001,0.0003,74890.52,,,2026-03-16 14:07:47.659253+00:00
BTC-26JUN26-300000-P,300000.0,2026-06-26 08:00:00+00:00,put,2.859,3.1825,74890.52,,,2026-03-16 14:07:47.736170+00:00
BTC-26JUN26-320000-C,320000.0,2026-06-26 08:00:00+00:00,put,0.0001,0.0003,74890.52,,,2026-03-16 14:07:47.811858+00:00
BTC-26JUN26-320000-P,320000.0,2026-06-26 08:00:00+00:00,put,3.116,3.4615,74890.52,,,2026-03-16 14:07:47.885805+00:00
BTC-26JUN26-340000-C,340000.0,2026-06-26 08:00:00+00:00,put,0.0001,0.0004,74890.52,,,2026-03-16 14:07:47.959315+00:00
BTC-26JUN26-340000-P,340000.0,2026-06-26 08:00:00+00:00,put,3.373,3.74,74890.52,,,2026-03-16 14:07:48.039948+00:00
BTC-26JUN26-360000-C,360000.0,2026-06-26 08:00:00+00:00,put,0.0001,0.0003,74890.74,,,2026-03-16 14:07:48.111819+00:00
BTC-26JUN26-360000-P,360000.0,2026-06-26 08:00:00+00:00,put,3.6305,4.019,74890.52,,,2026-03-16 14:07:48.197647+00:00
BTC-26JUN26-380000-C,380000.0,2026-06-26 08:00:00+00:00,put,0.0001,0.0003,74890.52,,,2026-03-16 14:07:48.273859+00:00
BTC-26JUN26-380000-P,380000.0,2026-06-26 08:00:00+00:00,put,3.8875,4.2975,74890.52,,,2026-03-16 14:07:48.347771+00:00
BTC-25SEP26-30000-C,30000.0,2026-09-25 08:00:00+00:00,put,0.6085,0.61,75542.48,,,2026-03-16 14:07:48.421355+00:00
BTC-25SEP26-30000-P,30000.0,2026-09-25 08:00:00+00:00,put,0.0065,0.007,75542.7,,,2026-03-16 14:07:48.494258+00:00
BTC-25SEP26-35000-C,35000.0,2026-09-25 08:00:00+00:00,put,0.5455,0.5475,75542.48,,,2026-03-16 14:07:48.566111+00:00
BTC-25SEP26-35000-P,35000.0,2026-09-25 08:00:00+00:00,put,0.0095,0.0105,75542.7,,,2026-03-16 14:07:48.641304+00:00
BTC-25SEP26-40000-C,40000.0,2026-09-25 08:00:00+00:00,put,0.484,0.486,75542.48,,,2026-03-16 14:07:48.720036+00:00
BTC-25SEP26-40000-P,40000.0,2026-09-25 08:00:00+00:00,put,0.0145,0.0155,75542.48,,,2026-03-16 14:07:48.794775+00:00
BTC-25SEP26-45000-C,45000.0,2026-09-25 08:00:00+00:00,put,0.424,0.4265,75542.48,,,2026-03-16 14:07:48.883185+00:00
BTC-25SEP26-45000-P,45000.0,2026-09-25 08:00:00+00:00,put,0.021,0.022,75538.67,,,2026-03-16 14:07:48.955009+00:00
BTC-25SEP26-50000-C,50000.0,2026-09-25 08:00:00+00:00,put,0.3665,0.37,75538.67,,,2026-03-16 14:07:49.029662+00:00
BTC-25SEP26-50000-P,50000.0,2026-09-25 08:00:00+00:00,put,0.03,0.0305,75538.67,,,2026-03-16 14:07:49.102374+00:00
BTC-25SEP26-55000-C,55000.0,2026-09-25 08:00:00+00:00,put,0.3125,0.3165,75542.14,,,2026-03-16 14:07:49.173641+00:00
BTC-25SEP26-55000-P,55000.0,2026-09-25 08:00:00+00:00,put,0.0425,0.0435,75538.67,,,2026-03-16 14:07:49.244748+00:00
BTC-25SEP26-56000-C,56000.0,2026-09-25 08:00:00+00:00,put,0.3025,0.3065,75538.67,,,2026-03-16 14:07:49.316121+00:00
BTC-25SEP26-56000-P,56000.0,2026-09-25 08:00:00+00:00,put,0.0455,0.0465,75538.67,,,2026-03-16 14:07:49.392464+00:00
BTC-25SEP26-58000-C,58000.0,2026-09-25 08:00:00+00:00,put,0.283,0.2865,75538.67,,,2026-03-16 14:07:49.462249+00:00
BTC-25SEP26-58000-P,58000.0,2026-09-25 08:00:00+00:00,put,0.052,0.053,75538.67,,,2026-03-16 14:07:49.550634+00:00
BTC-25SEP26-60000-C,60000.0,2026-09-25 08:00:00+00:00,put,0.263,0.2675,75538.67,,,2026-03-16 14:07:49.622282+00:00
BTC-25SEP26-60000-P,60000.0,2026-09-25 08:00:00+00:00,put,0.0595,0.0605,75542.14,,,2026-03-16 14:07:49.697165+00:00
BTC-25SEP26-62000-C,62000.0,2026-09-25 08:00:00+00:00,put,0.2455,0.249,75542.14,,,2026-03-16 14:07:49.770127+00:00
BTC-25SEP26-62000-P,62000.0,2026-09-25 08:00:00+00:00,put,0.067,0.0685,75538.67,,,2026-03-16 14:07:49.840387+00:00
BTC-25SEP26-64000-C,64000.0,2026-09-25 08:00:00+00:00,put,0.228,0.2315,75538.67,,,2026-03-16 14:07:49.910157+00:00
BTC-25SEP26-64000-P,64000.0,2026-09-25 08:00:00+00:00,put,0.076,0.078,75538.14,,,2026-03-16 14:07:49.987107+00:00
BTC-25SEP26-65000-C,65000.0,2026-09-25 08:00:00+00:00,put,0.22,0.2225,75538.14,,,2026-03-16 14:07:50.071437+00:00
BTC-25SEP26-65000-P,65000.0,2026-09-25 08:00:00+00:00,put,0.081,0.0825,75538.14,,,2026-03-16 14:07:50.149344+00:00
BTC-25SEP26-66000-C,66000.0,2026-09-25 08:00:00+00:00,put,0.2115,0.2145,75538.14,,,2026-03-16 14:07:50.244246+00:00
BTC-25SEP26-66000-P,66000.0,2026-09-25 08:00:00+00:00,put,0.086,0.0875,75538.14,,,2026-03-16 14:07:50.323900+00:00
BTC-25SEP26-68000-C,68000.0,2026-09-25 08:00:00+00:00,put,0.196,0.1985,75538.41,,,2026-03-16 14:07:50.399578+00:00
BTC-25SEP26-68000-P,68000.0,2026-09-25 08:00:00+00:00,put,0.0965,0.0985,75538.14,,,2026-03-16 14:07:50.479170+00:00
BTC-25SEP26-70000-C,70000.0,2026-09-25 08:00:00+00:00,put,0.1815,0.1835,75538.14,,,2026-03-16 14:07:50.557072+00:00
BTC-25SEP26-70000-P,70000.0,2026-09-25 08:00:00+00:00,put,0.1085,0.11,75538.41,,,2026-03-16 14:07:50.629787+00:00
BTC-25SEP26-72000-C,72000.0,2026-09-25 08:00:00+00:00,put,0.1675,0.1695,75538.14,,,2026-03-16 14:07:50.706678+00:00
BTC-25SEP26-72000-P,72000.0,2026-09-25 08:00:00+00:00,put,0.121,0.1225,75538.41,,,2026-03-16 14:07:50.785427+00:00
BTC-25SEP26-74000-C,74000.0,2026-09-25 08:00:00+00:00,put,0.1545,0.1565,75538.14,,,2026-03-16 14:07:50.857590+00:00
BTC-25SEP26-74000-P,74000.0,2026-09-25 08:00:00+00:00,put,0.134,0.136,75537.94,,,2026-03-16 14:07:50.948953+00:00
BTC-25SEP26-75000-C,75000.0,2026-09-25 08:00:00+00:00,put,0.1485,0.15,75533.92,,,2026-03-16 14:07:51.025071+00:00
BTC-25SEP26-75000-P,75000.0,2026-09-25 08:00:00+00:00,put,0.141,0.143,75533.92,,,2026-03-16 14:07:51.098916+00:00
BTC-25SEP26-76000-C,76000.0,2026-09-25 08:00:00+00:00,put,0.1425,0.144,75537.94,,,2026-03-16 14:07:51.175776+00:00
BTC-25SEP26-76000-P,76000.0,2026-09-25 08:00:00+00:00,put,0.148,0.15,75537.94,,,2026-03-16 14:07:51.248082+00:00
BTC-25SEP26-78000-C,78000.0,2026-09-25 08:00:00+00:00,put,0.131,0.132,75533.92,,,2026-03-16 14:07:51.320856+00:00
BTC-25SEP26-78000-P,78000.0,2026-09-25 08:00:00+00:00,put,0.163,0.165,75533.92,,,2026-03-16 14:07:51.403765+00:00
BTC-25SEP26-80000-C,80000.0,2026-09-25 08:00:00+00:00,put,0.12,0.121,75533.92,,,2026-03-16 14:07:51.477659+00:00
BTC-25SEP26-80000-P,80000.0,2026-09-25 08:00:00+00:00,put,0.178,0.1815,75533.92,,,2026-03-16 14:07:51.549219+00:00
BTC-25SEP26-82000-C,82000.0,2026-09-25 08:00:00+00:00,put,0.11,0.111,75537.94,,,2026-03-16 14:07:51.639582+00:00
BTC-25SEP26-82000-P,82000.0,2026-09-25 08:00:00+00:00,put,0.1945,0.199,75533.92,,,2026-03-16 14:07:51.713997+00:00
BTC-25SEP26-84000-C,84000.0,2026-09-25 08:00:00+00:00,put,0.1005,0.102,75537.94,,,2026-03-16 14:07:51.785706+00:00
BTC-25SEP26-84000-P,84000.0,2026-09-25 08:00:00+00:00,put,0.2115,0.218,75533.92,,,2026-03-16 14:07:51.860352+00:00
BTC-25SEP26-85000-C,85000.0,2026-09-25 08:00:00+00:00,put,0.096,0.0975,75533.48,,,2026-03-16 14:07:51.939469+00:00
BTC-25SEP26-85000-P,85000.0,2026-09-25 08:00:00+00:00,put,0.2205,0.2235,75531.04,,,2026-03-16 14:07:52.019557+00:00
BTC-25SEP26-86000-C,86000.0,2026-09-25 08:00:00+00:00,put,0.092,0.093,75533.48,,,2026-03-16 14:07:52.094161+00:00
BTC-25SEP26-86000-P,86000.0,2026-09-25 08:00:00+00:00,put,0.2295,0.2365,75533.48,,,2026-03-16 14:07:52.168106+00:00
BTC-25SEP26-88000-C,88000.0,2026-09-25 08:00:00+00:00,put,0.084,0.085,75531.04,,,2026-03-16 14:07:52.242441+00:00
BTC-25SEP26-88000-P,88000.0,2026-09-25 08:00:00+00:00,put,0.248,0.2515,75533.48,,,2026-03-16 14:07:52.333181+00:00
BTC-25SEP26-90000-C,90000.0,2026-09-25 08:00:00+00:00,put,0.0765,0.078,75531.04,,,2026-03-16 14:07:52.415832+00:00
BTC-25SEP26-90000-P,90000.0,2026-09-25 08:00:00+00:00,put,0.267,0.271,75531.04,,,2026-03-16 14:07:52.496992+00:00
BTC-25SEP26-92000-C,92000.0,2026-09-25 08:00:00+00:00,put,0.07,0.071,75533.48,,,2026-03-16 14:07:52.571727+00:00
BTC-25SEP26-92000-P,92000.0,2026-09-25 08:00:00+00:00,put,0.2865,0.291,75531.04,,,2026-03-16 14:07:52.646537+00:00
BTC-25SEP26-94000-C,94000.0,2026-09-25 08:00:00+00:00,put,0.064,0.065,75531.04,,,2026-03-16 14:07:52.721928+00:00
BTC-25SEP26-94000-P,94000.0,2026-09-25 08:00:00+00:00,put,0.3065,0.3115,75533.48,,,2026-03-16 14:07:52.805153+00:00
BTC-25SEP26-95000-C,95000.0,2026-09-25 08:00:00+00:00,put,0.061,0.062,75531.04,,,2026-03-16 14:07:52.886323+00:00
BTC-25SEP26-95000-P,95000.0,2026-09-25 08:00:00+00:00,put,0.3165,0.322,75533.69,,,2026-03-16 14:07:52.960469+00:00
BTC-25SEP26-100000-C,100000.0,2026-09-25 08:00:00+00:00,put,0.0485,0.0495,75533.69,,,2026-03-16 14:07:53.055042+00:00
BTC-25SEP26-100000-P,100000.0,2026-09-25 08:00:00+00:00,put,0.3705,0.3745,75531.19,,,2026-03-16 14:07:53.133496+00:00
BTC-25SEP26-105000-C,105000.0,2026-09-25 08:00:00+00:00,put,0.0385,0.0395,75533.69,,,2026-03-16 14:07:53.220089+00:00
BTC-25SEP26-105000-P,105000.0,2026-09-25 08:00:00+00:00,put,0.425,0.433,75531.19,,,2026-03-16 14:07:53.295395+00:00
BTC-25SEP26-110000-C,110000.0,2026-09-25 08:00:00+00:00,put,0.0305,0.0315,75533.69,,,2026-03-16 14:07:53.379861+00:00
BTC-25SEP26-110000-P,110000.0,2026-09-25 08:00:00+00:00,put,0.483,0.4915,75533.69,,,2026-03-16 14:07:53.460890+00:00
BTC-25SEP26-115000-C,115000.0,2026-09-25 08:00:00+00:00,put,0.0245,0.0255,75531.19,,,2026-03-16 14:07:53.540863+00:00
BTC-25SEP26-115000-P,115000.0,2026-09-25 08:00:00+00:00,put,0.5425,0.552,75533.69,,,2026-03-16 14:07:53.612267+00:00
BTC-25SEP26-120000-C,120000.0,2026-09-25 08:00:00+00:00,put,0.0195,0.0205,75533.69,,,2026-03-16 14:07:53.687442+00:00
BTC-25SEP26-120000-P,120000.0,2026-09-25 08:00:00+00:00,put,0.604,0.6145,75533.69,,,2026-03-16 14:07:53.784794+00:00
BTC-25SEP26-125000-C,125000.0,2026-09-25 08:00:00+00:00,put,0.016,0.017,75531.19,,,2026-03-16 14:07:53.873391+00:00
BTC-25SEP26-125000-P,125000.0,2026-09-25 08:00:00+00:00,put,0.646,0.7615,75526.69,,,2026-03-16 14:07:53.992206+00:00
BTC-25SEP26-130000-C,130000.0,2026-09-25 08:00:00+00:00,put,0.013,0.0135,75526.69,,,2026-03-16 14:07:54.090230+00:00
BTC-25SEP26-130000-P,130000.0,2026-09-25 08:00:00+00:00,put,0.7115,0.8175,75526.69,,,2026-03-16 14:07:54.201951+00:00
BTC-25SEP26-135000-C,135000.0,2026-09-25 08:00:00+00:00,put,0.0105,0.0115,75526.69,,,2026-03-16 14:07:54.309867+00:00
BTC-25SEP26-135000-P,135000.0,2026-09-25 08:00:00+00:00,put,0.7775,0.885,75533.37,,,2026-03-16 14:07:54.452353+00:00
BTC-25SEP26-140000-C,140000.0,2026-09-25 08:00:00+00:00,put,0.009,0.01,75526.69,,,2026-03-16 14:07:54.694028+00:00
BTC-25SEP26-140000-P,140000.0,2026-09-25 08:00:00+00:00,put,0.8145,0.9595,75514.05,,,2026-03-16 14:07:54.935712+00:00
BTC-25SEP26-145000-C,145000.0,2026-09-25 08:00:00+00:00,put,0.0075,0.0085,75526.31,,,2026-03-16 14:07:55.113664+00:00
BTC-25SEP26-145000-P,145000.0,2026-09-25 08:00:00+00:00,put,0.8905,1.0265,75526.31,,,2026-03-16 14:07:55.226566+00:00
BTC-25SEP26-150000-C,150000.0,2026-09-25 08:00:00+00:00,put,0.0065,0.007,75526.31,,,2026-03-16 14:07:55.357525+00:00
BTC-25SEP26-150000-P,150000.0,2026-09-25 08:00:00+00:00,put,0.9715,1.093,75514.05,,,2026-03-16 14:07:55.475959+00:00
BTC-25SEP26-155000-C,155000.0,2026-09-25 08:00:00+00:00,put,0.0055,0.0065,75526.31,,,2026-03-16 14:07:55.568774+00:00
BTC-25SEP26-155000-P,155000.0,2026-09-25 08:00:00+00:00,put,0.979,1.161,75514.05,,,2026-03-16 14:07:55.641873+00:00
BTC-25SEP26-160000-C,160000.0,2026-09-25 08:00:00+00:00,put,0.0049,0.0055,75514.05,,,2026-03-16 14:07:55.716376+00:00
BTC-25SEP26-160000-P,160000.0,2026-09-25 08:00:00+00:00,put,1.042,1.228,75514.05,,,2026-03-16 14:07:55.794704+00:00
BTC-25SEP26-165000-C,165000.0,2026-09-25 08:00:00+00:00,put,0.0043,0.0047,75514.05,,,2026-03-16 14:07:55.874477+00:00
BTC-25SEP26-165000-P,165000.0,2026-09-25 08:00:00+00:00,put,1.1055,1.2955,75513.54,,,2026-03-16 14:07:55.976231+00:00
BTC-25SEP26-170000-C,170000.0,2026-09-25 08:00:00+00:00,put,0.0038,0.0042,75514.0,,,2026-03-16 14:07:56.051177+00:00
BTC-25SEP26-170000-P,170000.0,2026-09-25 08:00:00+00:00,put,1.169,1.3635,75513.54,,,2026-03-16 14:07:56.122336+00:00
BTC-25SEP26-175000-C,175000.0,2026-09-25 08:00:00+00:00,put,0.0034,0.0035,75513.54,,,2026-03-16 14:07:56.194789+00:00
BTC-25SEP26-175000-P,175000.0,2026-09-25 08:00:00+00:00,put,1.233,1.4315,75513.54,,,2026-03-16 14:07:56.263733+00:00
BTC-25SEP26-180000-C,180000.0,2026-09-25 08:00:00+00:00,put,0.0031,0.0034,75513.54,,,2026-03-16 14:07:56.335008+00:00
BTC-25SEP26-180000-P,180000.0,2026-09-25 08:00:00+00:00,put,1.296,1.5,75513.54,,,2026-03-16 14:07:56.406840+00:00
BTC-25SEP26-190000-C,190000.0,2026-09-25 08:00:00+00:00,put,0.0025,0.0028,75514.0,,,2026-03-16 14:07:56.480050+00:00
BTC-25SEP26-190000-P,190000.0,2026-09-25 08:00:00+00:00,put,1.424,1.637,75514.0,,,2026-03-16 14:07:56.554904+00:00
BTC-25SEP26-200000-C,200000.0,2026-09-25 08:00:00+00:00,put,0.0021,0.0024,75513.54,,,2026-03-16 14:07:56.644099+00:00
BTC-25SEP26-200000-P,200000.0,2026-09-25 08:00:00+00:00,put,1.551,1.774,75513.54,,,2026-03-16 14:07:56.719257+00:00
BTC-25SEP26-220000-C,220000.0,2026-09-25 08:00:00+00:00,put,0.0015,0.0018,75514.0,,,2026-03-16 14:07:56.788749+00:00
BTC-25SEP26-220000-P,220000.0,2026-09-25 08:00:00+00:00,put,1.806,2.0485,75514.0,,,2026-03-16 14:07:56.859400+00:00
BTC-25SEP26-240000-C,240000.0,2026-09-25 08:00:00+00:00,put,0.0011,0.0015,75513.66,,,2026-03-16 14:07:56.939450+00:00
BTC-25SEP26-240000-P,240000.0,2026-09-25 08:00:00+00:00,put,2.061,2.3235,75513.66,,,2026-03-16 14:07:57.015632+00:00
BTC-25SEP26-260000-C,260000.0,2026-09-25 08:00:00+00:00,put,0.0009,0.0012,75513.66,,,2026-03-16 14:07:57.090197+00:00
BTC-25SEP26-260000-P,260000.0,2026-09-25 08:00:00+00:00,put,2.3155,2.5985,75513.66,,,2026-03-16 14:07:57.165311+00:00
BTC-25SEP26-280000-C,280000.0,2026-09-25 08:00:00+00:00,put,0.0007,0.001,75513.48,,,2026-03-16 14:07:57.253938+00:00
BTC-25SEP26-280000-P,280000.0,2026-09-25 08:00:00+00:00,put,2.5705,2.8745,75513.66,,,2026-03-16 14:07:57.345879+00:00
BTC-25SEP26-300000-C,300000.0,2026-09-25 08:00:00+00:00,put,0.0005,0.0009,75513.48,,,2026-03-16 14:07:57.421150+00:00
BTC-25SEP26-300000-P,300000.0,2026-09-25 08:00:00+00:00,put,2.826,3.1505,75513.66,,,2026-03-16 14:07:57.499187+00:00
BTC-25SEP26-320000-C,320000.0,2026-09-25 08:00:00+00:00,put,0.0004,0.0007,75513.66,,,2026-03-16 14:07:57.577054+00:00
BTC-25SEP26-320000-P,320000.0,2026-09-25 08:00:00+00:00,put,3.081,3.426,75513.66,,,2026-03-16 14:07:57.648521+00:00
BTC-25DEC26-30000-C,30000.0,2026-12-25 08:00:00+00:00,put,0.6175,0.619,76298.26,,,2026-03-16 14:07:57.721119+00:00
BTC-25DEC26-30000-P,30000.0,2026-12-25 08:00:00+00:00,put,0.011,0.012,76298.08,,,2026-03-16 14:07:57.794392+00:00
BTC-25DEC26-35000-C,35000.0,2026-12-25 08:00:00+00:00,put,0.5575,0.559,76298.26,,,2026-03-16 14:07:57.868551+00:00
BTC-25DEC26-35000-P,35000.0,2026-12-25 08:00:00+00:00,put,0.0165,0.0175,76293.64,,,2026-03-16 14:07:57.942820+00:00
BTC-25DEC26-40000-C,40000.0,2026-12-25 08:00:00+00:00,put,0.498,0.5005,76293.64,,,2026-03-16 14:07:58.031989+00:00
BTC-25DEC26-40000-P,40000.0,2026-12-25 08:00:00+00:00,put,0.0235,0.0245,76293.64,,,2026-03-16 14:07:58.121116+00:00
BTC-25DEC26-45000-C,45000.0,2026-12-25 08:00:00+00:00,put,0.4425,0.4445,76293.64,,,2026-03-16 14:07:58.200354+00:00
BTC-25DEC26-45000-P,45000.0,2026-12-25 08:00:00+00:00,put,0.0325,0.034,76293.64,,,2026-03-16 14:07:58.275763+00:00
BTC-25DEC26-50000-C,50000.0,2026-12-25 08:00:00+00:00,put,0.3885,0.3915,76293.64,,,2026-03-16 14:07:58.354689+00:00
BTC-25DEC26-50000-P,50000.0,2026-12-25 08:00:00+00:00,put,0.045,0.0465,76293.64,,,2026-03-16 14:07:58.432417+00:00
BTC-25DEC26-54000-C,54000.0,2026-12-25 08:00:00+00:00,put,0.3485,0.3515,76298.62,,,2026-03-16 14:07:58.505002+00:00
BTC-25DEC26-54000-P,54000.0,2026-12-25 08:00:00+00:00,put,0.0575,0.059,76298.62,,,2026-03-16 14:07:58.576795+00:00
BTC-25DEC26-55000-C,55000.0,2026-12-25 08:00:00+00:00,put,0.339,0.342,76293.64,,,2026-03-16 14:07:58.651633+00:00
BTC-25DEC26-55000-P,55000.0,2026-12-25 08:00:00+00:00,put,0.061,0.0625,76293.64,,,2026-03-16 14:07:58.752411+00:00
BTC-25DEC26-56000-C,56000.0,2026-12-25 08:00:00+00:00,put,0.33,0.3325,76293.64,,,2026-03-16 14:07:58.829381+00:00
BTC-25DEC26-56000-P,56000.0,2026-12-25 08:00:00+00:00,put,0.065,0.0665,76293.64,,,2026-03-16 14:07:58.910015+00:00
BTC-25DEC26-58000-C,58000.0,2026-12-25 08:00:00+00:00,put,0.3115,0.3145,76293.07,,,2026-03-16 14:07:58.981381+00:00
BTC-25DEC26-58000-P,58000.0,2026-12-25 08:00:00+00:00,put,0.0725,0.0745,76293.07,,,2026-03-16 14:07:59.061415+00:00
BTC-25DEC26-60000-C,60000.0,2026-12-25 08:00:00+00:00,put,0.294,0.297,76293.07,,,2026-03-16 14:07:59.138790+00:00
BTC-25DEC26-60000-P,60000.0,2026-12-25 08:00:00+00:00,put,0.081,0.083,76293.07,,,2026-03-16 14:07:59.217635+00:00
BTC-25DEC26-62000-C,62000.0,2026-12-25 08:00:00+00:00,put,0.277,0.28,76293.07,,,2026-03-16 14:07:59.293106+00:00
BTC-25DEC26-62000-P,62000.0,2026-12-25 08:00:00+00:00,put,0.0905,0.0925,76293.07,,,2026-03-16 14:07:59.377489+00:00
BTC-25DEC26-64000-C,64000.0,2026-12-25 08:00:00+00:00,put,0.261,0.264,76293.07,,,2026-03-16 14:07:59.468427+00:00
BTC-25DEC26-64000-P,64000.0,2026-12-25 08:00:00+00:00,put,0.1005,0.1025,76293.07,,,2026-03-16 14:07:59.543380+00:00
BTC-25DEC26-65000-C,65000.0,2026-12-25 08:00:00+00:00,put,0.253,0.256,76293.07,,,2026-03-16 14:07:59.611909+00:00
BTC-25DEC26-65000-P,65000.0,2026-12-25 08:00:00+00:00,put,0.106,0.108,76293.83,,,2026-03-16 14:07:59.689411+00:00
BTC-25DEC26-66000-C,66000.0,2026-12-25 08:00:00+00:00,put,0.2455,0.2485,76293.07,,,2026-03-16 14:07:59.758423+00:00
BTC-25DEC26-66000-P,66000.0,2026-12-25 08:00:00+00:00,put,0.1115,0.1135,76293.07,,,2026-03-16 14:07:59.835700+00:00
BTC-25DEC26-68000-C,68000.0,2026-12-25 08:00:00+00:00,put,0.2315,0.2335,76291.99,,,2026-03-16 14:07:59.913790+00:00
BTC-25DEC26-68000-P,68000.0,2026-12-25 08:00:00+00:00,put,0.123,0.125,76291.99,,,2026-03-16 14:07:59.987843+00:00
BTC-25DEC26-70000-C,70000.0,2026-12-25 08:00:00+00:00,put,0.2175,0.2195,76291.99,,,2026-03-16 14:08:00.060739+00:00
BTC-25DEC26-70000-P,70000.0,2026-12-25 08:00:00+00:00,put,0.135,0.137,76291.99,,,2026-03-16 14:08:00.149893+00:00
BTC-25DEC26-72000-C,72000.0,2026-12-25 08:00:00+00:00,put,0.2045,0.2065,76291.99,,,2026-03-16 14:08:00.222311+00:00
BTC-25DEC26-72000-P,72000.0,2026-12-25 08:00:00+00:00,put,0.149,0.15,76293.37,,,2026-03-16 14:08:00.293444+00:00
BTC-25DEC26-74000-C,74000.0,2026-12-25 08:00:00+00:00,put,0.1915,0.1935,76293.37,,,2026-03-16 14:08:00.376814+00:00
BTC-25DEC26-74000-P,74000.0,2026-12-25 08:00:00+00:00,put,0.162,0.1635,76291.99,,,2026-03-16 14:08:00.452129+00:00
BTC-25DEC26-75000-C,75000.0,2026-12-25 08:00:00+00:00,put,0.1855,0.1875,76293.37,,,2026-03-16 14:08:00.525497+00:00
BTC-25DEC26-75000-P,75000.0,2026-12-25 08:00:00+00:00,put,0.169,0.1705,76291.99,,,2026-03-16 14:08:00.594068+00:00
BTC-25DEC26-76000-C,76000.0,2026-12-25 08:00:00+00:00,put,0.1795,0.1815,76291.99,,,2026-03-16 14:08:00.667325+00:00
BTC-25DEC26-76000-P,76000.0,2026-12-25 08:00:00+00:00,put,0.176,0.178,76291.99,,,2026-03-16 14:08:00.738487+00:00
BTC-25DEC26-78000-C,78000.0,2026-12-25 08:00:00+00:00,put,0.168,0.17,76291.99,,,2026-03-16 14:08:00.827309+00:00
BTC-25DEC26-78000-P,78000.0,2026-12-25 08:00:00+00:00,put,0.19,0.1925,76293.37,,,2026-03-16 14:08:00.900996+00:00
BTC-25DEC26-80000-C,80000.0,2026-12-25 08:00:00+00:00,put,0.1575,0.1595,76294.02,,,2026-03-16 14:08:00.979056+00:00
BTC-25DEC26-80000-P,80000.0,2026-12-25 08:00:00+00:00,put,0.2055,0.2085,76294.02,,,2026-03-16 14:08:01.051783+00:00
BTC-25DEC26-82000-C,82000.0,2026-12-25 08:00:00+00:00,put,0.147,0.149,76292.5,,,2026-03-16 14:08:01.125763+00:00
BTC-25DEC26-82000-P,82000.0,2026-12-25 08:00:00+00:00,put,0.2215,0.225,76292.5,,,2026-03-16 14:08:01.199691+00:00
BTC-25DEC26-84000-C,84000.0,2026-12-25 08:00:00+00:00,put,0.1375,0.1395,76294.02,,,2026-03-16 14:08:01.270634+00:00
BTC-25DEC26-84000-P,84000.0,2026-12-25 08:00:00+00:00,put,0.238,0.2415,76294.02,,,2026-03-16 14:08:01.346941+00:00
BTC-25DEC26-85000-C,85000.0,2026-12-25 08:00:00+00:00,put,0.1335,0.134,76292.5,,,2026-03-16 14:08:01.422444+00:00
BTC-25DEC26-85000-P,85000.0,2026-12-25 08:00:00+00:00,put,0.2465,0.25,76294.02,,,2026-03-16 14:08:01.507412+00:00
BTC-25DEC26-86000-C,86000.0,2026-12-25 08:00:00+00:00,put,0.1285,0.1305,76294.02,,,2026-03-16 14:08:01.582424+00:00
BTC-25DEC26-86000-P,86000.0,2026-12-25 08:00:00+00:00,put,0.255,0.2585,76294.02,,,2026-03-16 14:08:01.654657+00:00
BTC-25DEC26-88000-C,88000.0,2026-12-25 08:00:00+00:00,put,0.12,0.122,76294.02,,,2026-03-16 14:08:01.730733+00:00
BTC-25DEC26-88000-P,88000.0,2026-12-25 08:00:00+00:00,put,0.273,0.2765,76294.02,,,2026-03-16 14:08:01.804632+00:00
BTC-25DEC26-90000-C,90000.0,2026-12-25 08:00:00+00:00,put,0.112,0.114,76294.02,,,2026-03-16 14:08:01.876943+00:00
BTC-25DEC26-90000-P,90000.0,2026-12-25 08:00:00+00:00,put,0.291,0.295,76294.22,,,2026-03-16 14:08:01.950053+00:00
BTC-25DEC26-92000-C,92000.0,2026-12-25 08:00:00+00:00,put,0.1045,0.1065,76291.27,,,2026-03-16 14:08:02.033715+00:00
BTC-25DEC26-92000-P,92000.0,2026-12-25 08:00:00+00:00,put,0.3095,0.314,76291.27,,,2026-03-16 14:08:02.127423+00:00
BTC-25DEC26-94000-C,94000.0,2026-12-25 08:00:00+00:00,put,0.0975,0.0995,76291.27,,,2026-03-16 14:08:02.217834+00:00
BTC-25DEC26-94000-P,94000.0,2026-12-25 08:00:00+00:00,put,0.329,0.333,76291.27,,,2026-03-16 14:08:02.292982+00:00
BTC-25DEC26-95000-C,95000.0,2026-12-25 08:00:00+00:00,put,0.0945,0.096,76291.27,,,2026-03-16 14:08:02.370187+00:00
BTC-25DEC26-95000-P,95000.0,2026-12-25 08:00:00+00:00,put,0.3385,0.343,76291.27,,,2026-03-16 14:08:02.442473+00:00
BTC-25DEC26-96000-C,96000.0,2026-12-25 08:00:00+00:00,put,0.091,0.093,76291.27,,,2026-03-16 14:08:02.513348+00:00
BTC-25DEC26-96000-P,96000.0,2026-12-25 08:00:00+00:00,put,0.3485,0.3535,76294.22,,,2026-03-16 14:08:02.590403+00:00
BTC-25DEC26-98000-C,98000.0,2026-12-25 08:00:00+00:00,put,0.085,0.087,76294.22,,,2026-03-16 14:08:02.661887+00:00
BTC-25DEC26-98000-P,98000.0,2026-12-25 08:00:00+00:00,put,0.3685,0.373,76291.27,,,2026-03-16 14:08:02.741682+00:00
BTC-25DEC26-100000-C,100000.0,2026-12-25 08:00:00+00:00,put,0.0795,0.081,76294.22,,,2026-03-16 14:08:02.814863+00:00
BTC-25DEC26-100000-P,100000.0,2026-12-25 08:00:00+00:00,put,0.389,0.3935,76291.27,,,2026-03-16 14:08:02.907639+00:00
BTC-25DEC26-105000-C,105000.0,2026-12-25 08:00:00+00:00,put,0.067,0.0685,76291.91,,,2026-03-16 14:08:02.994978+00:00
BTC-25DEC26-105000-P,105000.0,2026-12-25 08:00:00+00:00,put,0.442,0.447,76291.91,,,2026-03-16 14:08:03.076216+00:00
BTC-25DEC26-110000-C,110000.0,2026-12-25 08:00:00+00:00,put,0.0565,0.058,76291.91,,,2026-03-16 14:08:03.147453+00:00
BTC-25DEC26-110000-P,110000.0,2026-12-25 08:00:00+00:00,put,0.4955,0.5025,76291.31,,,2026-03-16 14:08:03.220385+00:00
BTC-25DEC26-115000-C,115000.0,2026-12-25 08:00:00+00:00,put,0.048,0.049,76291.91,,,2026-03-16 14:08:03.295477+00:00
BTC-25DEC26-115000-P,115000.0,2026-12-25 08:00:00+00:00,put,0.5085,0.656,76291.91,,,2026-03-16 14:08:03.382514+00:00
BTC-25DEC26-120000-C,120000.0,2026-12-25 08:00:00+00:00,put,0.0405,0.042,76291.91,,,2026-03-16 14:08:03.455842+00:00
BTC-25DEC26-120000-P,120000.0,2026-12-25 08:00:00+00:00,put,0.555,0.715,76291.91,,,2026-03-16 14:08:03.526844+00:00
BTC-25DEC26-125000-C,125000.0,2026-12-25 08:00:00+00:00,put,0.0345,0.036,76291.91,,,2026-03-16 14:08:03.630051+00:00
BTC-25DEC26-125000-P,125000.0,2026-12-25 08:00:00+00:00,put,0.616,0.7765,76291.91,,,2026-03-16 14:08:03.703474+00:00
BTC-25DEC26-130000-C,130000.0,2026-12-25 08:00:00+00:00,put,0.0295,0.0305,76291.91,,,2026-03-16 14:08:03.776648+00:00
BTC-25DEC26-130000-P,130000.0,2026-12-25 08:00:00+00:00,put,0.7295,0.739,76291.91,,,2026-03-16 14:08:03.882188+00:00
BTC-25DEC26-135000-C,135000.0,2026-12-25 08:00:00+00:00,put,0.026,0.0265,76292.93,,,2026-03-16 14:08:03.958336+00:00
BTC-25DEC26-135000-P,135000.0,2026-12-25 08:00:00+00:00,put,0.758,0.891,76292.93,,,2026-03-16 14:08:04.031685+00:00
BTC-25DEC26-140000-C,140000.0,2026-12-25 08:00:00+00:00,put,0.022,0.023,76292.17,,,2026-03-16 14:08:04.113233+00:00
BTC-25DEC26-140000-P,140000.0,2026-12-25 08:00:00+00:00,put,0.8045,0.957,76292.93,,,2026-03-16 14:08:04.183957+00:00
BTC-25DEC26-150000-C,150000.0,2026-12-25 08:00:00+00:00,put,0.0165,0.0175,76292.93,,,2026-03-16 14:08:04.259970+00:00
BTC-25DEC26-150000-P,150000.0,2026-12-25 08:00:00+00:00,put,0.9395,1.092,76292.17,,,2026-03-16 14:08:04.347765+00:00
BTC-25DEC26-160000-C,160000.0,2026-12-25 08:00:00+00:00,put,0.0125,0.0135,76292.93,,,2026-03-16 14:08:04.420627+00:00
BTC-25DEC26-160000-P,160000.0,2026-12-25 08:00:00+00:00,put,1.025,1.222,76292.93,,,2026-03-16 14:08:04.498224+00:00
BTC-25DEC26-170000-C,170000.0,2026-12-25 08:00:00+00:00,put,0.01,0.011,76292.17,,,2026-03-16 14:08:04.577312+00:00
BTC-25DEC26-170000-P,170000.0,2026-12-25 08:00:00+00:00,put,1.1495,1.354,76292.93,,,2026-03-16 14:08:04.652079+00:00
BTC-25DEC26-180000-C,180000.0,2026-12-25 08:00:00+00:00,put,0.008,0.009,76292.93,,,2026-03-16 14:08:04.724225+00:00
BTC-25DEC26-180000-P,180000.0,2026-12-25 08:00:00+00:00,put,1.2745,1.4875,76292.17,,,2026-03-16 14:08:04.800811+00:00
BTC-25DEC26-190000-C,190000.0,2026-12-25 08:00:00+00:00,put,0.0065,0.0075,76292.93,,,2026-03-16 14:08:04.873980+00:00
BTC-25DEC26-190000-P,190000.0,2026-12-25 08:00:00+00:00,put,1.401,1.621,76303.23,,,2026-03-16 14:08:04.947197+00:00
BTC-25DEC26-200000-C,200000.0,2026-12-25 08:00:00+00:00,put,0.0055,0.006,76293.13,,,2026-03-16 14:08:05.036122+00:00
BTC-25DEC26-200000-P,200000.0,2026-12-25 08:00:00+00:00,put,1.5265,1.755,76293.13,,,2026-03-16 14:08:05.112463+00:00
BTC-25DEC26-210000-C,210000.0,2026-12-25 08:00:00+00:00,put,0.0048,0.0055,76303.23,,,2026-03-16 14:08:05.185032+00:00
BTC-25DEC26-210000-P,210000.0,2026-12-25 08:00:00+00:00,put,1.6515,1.8905,76293.13,,,2026-03-16 14:08:05.260041+00:00
BTC-25DEC26-220000-C,220000.0,2026-12-25 08:00:00+00:00,put,0.004,0.0046,76293.13,,,2026-03-16 14:08:05.329897+00:00
BTC-25DEC26-220000-P,220000.0,2026-12-25 08:00:00+00:00,put,1.778,2.0255,76303.23,,,2026-03-16 14:08:05.405347+00:00
BTC-25DEC26-230000-C,230000.0,2026-12-25 08:00:00+00:00,put,0.0037,0.004,76303.23,,,2026-03-16 14:08:05.481318+00:00
BTC-25DEC26-230000-P,230000.0,2026-12-25 08:00:00+00:00,put,1.9035,2.1605,76303.23,,,2026-03-16 14:08:05.556941+00:00
BTC-25DEC26-240000-C,240000.0,2026-12-25 08:00:00+00:00,put,0.0033,0.0036,76303.23,,,2026-03-16 14:08:05.632596+00:00
BTC-25DEC26-240000-P,240000.0,2026-12-25 08:00:00+00:00,put,2.0295,2.2965,76303.23,,,2026-03-16 14:08:05.720946+00:00
BTC-25DEC26-250000-C,250000.0,2026-12-25 08:00:00+00:00,put,0.0029,0.003,76303.23,,,2026-03-16 14:08:05.791642+00:00
BTC-25DEC26-250000-P,250000.0,2026-12-25 08:00:00+00:00,put,2.156,2.4325,76303.23,,,2026-03-16 14:08:05.867762+00:00
